// SPDX-License-Identifier: MIT
// SLIM (Sleptsov Image format) for C/C++
// Version: 1.4.0.0
// Copyright (C) 2026 Sleptsov Vladimir 
// https://github.com/VERTEXSoftware

#ifndef SLIM_H
#define SLIM_H

#define SLIM_MAGIC 0x4D494C5373696854
#define SLIM_VERSION_MAJOR 1
#define SLIM_VERSION_MINOR 4
#define SLIM_VERSION_BUGFIX 0
#define SLIM_VERSION_HOTFIX 0

#define SLIM_VERSION ((SLIM_VERSION_MAJOR << 24) | (SLIM_VERSION_MINOR << 16) | (SLIM_VERSION_BUGFIX << 8) | (SLIM_VERSION_HOTFIX))

#include <cstdio>
#include <cstdint>
#include <cstring>

//Custom Compression
#define SLEP_SLDD_IMP
#define SLEP_MASKARED_IMP
#define RLE_IMP
#define RICE_IMP
#include "./compress/SLDD.h"
#include "./compress/MASKARED.h"
#include "./compress/RLE.h"
#include "./compress/RICE.h"

//Custom Stream
#define SLIM_STREAM_IMP
#include "./SLIMSTREAM.h"

//Define MALLOC
#ifndef SLIM_MALLOC
#include <stdlib.h>
#define SLIM_MALLOC(sz) malloc(sz)
#define SLIM_FREE(p) 	free(p)
#endif

#ifdef __cplusplus
extern "C" {
#endif

	typedef enum {
		ERROR_OK 					= 0x00u,
		ERROR_FILE 					= 0x01u,
		ERROR_BLOCK 				= 0x02u,
		ERROR_DATA 					= 0x03u,
		ERROR_END 					= 0x04u,
		ERROR_NOTSUP 				= 0x05u,
		ERROR_NONE 					= 0x06u,
		ERROR_MEM 					= 0x07u,
		ERROR_ARG 					= 0x08u,
		ERROR_COLORSPACE 			= 0x09u
	} SLIM_ERROR;

	typedef enum {
		CODE_NONE 					= 0x00u,
		CODE_GRAY 					= 0x01u,
		CODE_GA 					= 0x02u,
		CODE_RGB 					= 0x03u,
		CODE_BGR 					= 0x13u,
		CODE_RGBA 					= 0x04u,
		CODE_BGRA 					= 0x14u,
		CODE_ARGB 					= 0x24u,
		CODE_ABGR 					= 0x34u
	} SLIM_CODE;

	typedef enum{
		FT_DEFAULT              	= 0x00u,
		FT_NEAREST              	= 0x01u,
		FT_LINEAR               	= 0x02u,
		FT_NEAREST_MIPMAP_NEAREST 	= 0x03u,
		FT_LINEAR_MIPMAP_NEAREST  	= 0x04u,
		FT_NEAREST_MIPMAP_LINEAR  	= 0x05u,
		FT_LINEAR_MIPMAP_LINEAR   	= 0x06u
	} SLIM_FILTER_TEXTURE;

	typedef enum{
		WT_DEFAULT              	= 0x00u,
		WT_REPEAT               	= 0x01u,
		WT_MIRRORED_REPEAT      	= 0x02u,
		WT_CLAMP_TO_EDGE        	= 0x03u,
		WT_CLAMP_TO_BORDER      	= 0x04u,
		WT_MIRROR_CLAMP_TO_EDGE 	= 0x05u
	} SLIM_WRAP_TEXTURE;

	typedef enum{
		CFT_DEFAULT             	= 0x00u,
		CFT_OFF                 	= 0x01u,
		CFT_LESS                	= 0x02u,
		CFT_LEQUAL              	= 0x03u,
		CFT_GREATER             	= 0x04u,
		CFT_GEQUAL              	= 0x05u,
		CFT_EQUAL               	= 0x06u,
		CFT_NOT_EQUAL           	= 0x07u,
		CFT_ALWAYS              	= 0x08u,
		CFT_NEVER               	= 0x09u
	} SLIM_COMPARE_FUNC_TEXTURE;

	typedef enum{
		AL_DEFAULT              	= 0x00u,
		AL_OFF                  	= 0x01u,
		AL_X2                   	= 0x02u,
		AL_X4                   	= 0x03u,
		AL_X8                   	= 0x04u,
		AL_X16                  	= 0x05u
	} SLIM_ANISOTROPY_LEVEL;

	typedef enum{
		MM_DEFAULT              	= 0x00u,
		MM_NONE                 	= 0x01u,
		MM_GENERATE             	= 0x02u
	} SLIM_MIPMAP_MODE;



	typedef struct {
		uint32_t version;
		uint16_t canvas_width;
		uint16_t canvas_height;
		uint8_t  canvas_channel;
		uint16_t layers;

	} SLIM_HEADER_DESC;

	typedef struct {
		uint16_t id;

		uint16_t width;
		uint16_t height;

		uint16_t x;
		uint16_t y;
		uint16_t z;

		
		uint8_t  code;
		uint8_t  forced_code;
		uint8_t  quality;


		//--------engine flags--------
		uint8_t min_filter;
    	uint8_t mag_filter;
    	uint8_t wrap_s;
    	uint8_t wrap_t;
    	uint8_t compare_func;
		uint8_t anisotropy_level;
		uint8_t gen_mipmap;
		//----------------------------


		uint8_t  name_size;
		uint16_t ext_size;

		void* img;
		char* name;
		char* ext;
	} SLIM_LAYER_DESC;

	typedef struct
	{
		uint16_t 				id;

		uint16_t 				x;
		uint16_t 				y;
		uint16_t 				z;

		uint16_t				width;
		uint16_t				height;
		uint8_t					code;

		uint32_t 				block_256_all;
		uint32_t 				block_256_exist;
		uint32_t 				block_256_empty;

		uint32_t				block_color_table_max;
		uint32_t				block_color_table_min;
		uint32_t				block_color_table_avg;

		uint32_t				block_q_max;
		uint32_t				block_q_min;
		uint32_t				block_q_avg;

		uint32_t				all_c;
		uint32_t				reuse_c;
		uint32_t				origin_c;
		uint32_t				rle_c;
		uint32_t				rice_c;
		uint32_t				sldd_c;
		uint32_t				maskared_c;

		uint8_t  				name_size;
		uint16_t 				ext_size;

		char* name;
		char* ext;

	} SLIM_LAYER_INFO_DESC;


	SLIM_ERROR SLIM_Read_Header			(SLIM_STREAM* file, SLIM_HEADER_DESC* desc);
	SLIM_ERROR SLIM_Read_Layer			(SLIM_STREAM* file, SLIM_LAYER_DESC* desc);


	SLIM_ERROR SLIM_Write_Header		(SLIM_STREAM* file, const SLIM_HEADER_DESC* desc);
	SLIM_ERROR SLIM_Write_Layer			(SLIM_STREAM* file, const SLIM_LAYER_DESC* desc);


	SLIM_ERROR SLIM_Read_Layer_Map		(SLIM_STREAM* file, SLIM_LAYER_DESC* desc);
	SLIM_ERROR SLIM_Read_Layer_MapIDX	(SLIM_STREAM* file, SLIM_LAYER_DESC* desc);
	SLIM_ERROR SLIM_Read_Layer_Info		(SLIM_STREAM* file, SLIM_LAYER_INFO_DESC* desc);


	void* SLIM_Malloc					(const uint32_t size);

	SLIM_ERROR SLIM_Free				(void* data);
	SLIM_ERROR SLIM_Free_Layer			(SLIM_LAYER_DESC* desc);
	SLIM_ERROR SLIM_Free_Layer_Info		(SLIM_LAYER_INFO_DESC* desc);


#ifdef __cplusplus
}
#endif

#ifdef SLEP_SLIM_IMP


static const uint16_t SLIM_META_CODE_LUT[7776] = {
0x0000, 0x0001, 0x0002, 0x0003, 0x0004, 0x0005, 0x0008, 0x0009, 0x000A, 0x000B, 0x000C, 0x000D, 0x0010, 0x0011, 0x0012, 0x0013, 0x0014, 0x0015, 0x0018, 0x0019, 0x001A, 0x001B, 0x001C, 0x001D, 0x0020, 0x0021, 0x0022, 0x0023, 0x0024, 0x0025, 0x0028, 0x0029, 
0x002A, 0x002B, 0x002C, 0x002D, 0x0040, 0x0041, 0x0042, 0x0043, 0x0044, 0x0045, 0x0048, 0x0049, 0x004A, 0x004B, 0x004C, 0x004D, 0x0050, 0x0051, 0x0052, 0x0053, 0x0054, 0x0055, 0x0058, 0x0059, 0x005A, 0x005B, 0x005C, 0x005D, 0x0060, 0x0061, 0x0062, 0x0063, 
0x0064, 0x0065, 0x0068, 0x0069, 0x006A, 0x006B, 0x006C, 0x006D, 0x0080, 0x0081, 0x0082, 0x0083, 0x0084, 0x0085, 0x0088, 0x0089, 0x008A, 0x008B, 0x008C, 0x008D, 0x0090, 0x0091, 0x0092, 0x0093, 0x0094, 0x0095, 0x0098, 0x0099, 0x009A, 0x009B, 0x009C, 0x009D, 
0x00A0, 0x00A1, 0x00A2, 0x00A3, 0x00A4, 0x00A5, 0x00A8, 0x00A9, 0x00AA, 0x00AB, 0x00AC, 0x00AD, 0x00C0, 0x00C1, 0x00C2, 0x00C3, 0x00C4, 0x00C5, 0x00C8, 0x00C9, 0x00CA, 0x00CB, 0x00CC, 0x00CD, 0x00D0, 0x00D1, 0x00D2, 0x00D3, 0x00D4, 0x00D5, 0x00D8, 0x00D9, 
0x00DA, 0x00DB, 0x00DC, 0x00DD, 0x00E0, 0x00E1, 0x00E2, 0x00E3, 0x00E4, 0x00E5, 0x00E8, 0x00E9, 0x00EA, 0x00EB, 0x00EC, 0x00ED, 0x0100, 0x0101, 0x0102, 0x0103, 0x0104, 0x0105, 0x0108, 0x0109, 0x010A, 0x010B, 0x010C, 0x010D, 0x0110, 0x0111, 0x0112, 0x0113, 
0x0114, 0x0115, 0x0118, 0x0119, 0x011A, 0x011B, 0x011C, 0x011D, 0x0120, 0x0121, 0x0122, 0x0123, 0x0124, 0x0125, 0x0128, 0x0129, 0x012A, 0x012B, 0x012C, 0x012D, 0x0140, 0x0141, 0x0142, 0x0143, 0x0144, 0x0145, 0x0148, 0x0149, 0x014A, 0x014B, 0x014C, 0x014D, 
0x0150, 0x0151, 0x0152, 0x0153, 0x0154, 0x0155, 0x0158, 0x0159, 0x015A, 0x015B, 0x015C, 0x015D, 0x0160, 0x0161, 0x0162, 0x0163, 0x0164, 0x0165, 0x0168, 0x0169, 0x016A, 0x016B, 0x016C, 0x016D, 0x0200, 0x0201, 0x0202, 0x0203, 0x0204, 0x0205, 0x0208, 0x0209, 
0x020A, 0x020B, 0x020C, 0x020D, 0x0210, 0x0211, 0x0212, 0x0213, 0x0214, 0x0215, 0x0218, 0x0219, 0x021A, 0x021B, 0x021C, 0x021D, 0x0220, 0x0221, 0x0222, 0x0223, 0x0224, 0x0225, 0x0228, 0x0229, 0x022A, 0x022B, 0x022C, 0x022D, 0x0240, 0x0241, 0x0242, 0x0243, 
0x0244, 0x0245, 0x0248, 0x0249, 0x024A, 0x024B, 0x024C, 0x024D, 0x0250, 0x0251, 0x0252, 0x0253, 0x0254, 0x0255, 0x0258, 0x0259, 0x025A, 0x025B, 0x025C, 0x025D, 0x0260, 0x0261, 0x0262, 0x0263, 0x0264, 0x0265, 0x0268, 0x0269, 0x026A, 0x026B, 0x026C, 0x026D, 
0x0280, 0x0281, 0x0282, 0x0283, 0x0284, 0x0285, 0x0288, 0x0289, 0x028A, 0x028B, 0x028C, 0x028D, 0x0290, 0x0291, 0x0292, 0x0293, 0x0294, 0x0295, 0x0298, 0x0299, 0x029A, 0x029B, 0x029C, 0x029D, 0x02A0, 0x02A1, 0x02A2, 0x02A3, 0x02A4, 0x02A5, 0x02A8, 0x02A9, 
0x02AA, 0x02AB, 0x02AC, 0x02AD, 0x02C0, 0x02C1, 0x02C2, 0x02C3, 0x02C4, 0x02C5, 0x02C8, 0x02C9, 0x02CA, 0x02CB, 0x02CC, 0x02CD, 0x02D0, 0x02D1, 0x02D2, 0x02D3, 0x02D4, 0x02D5, 0x02D8, 0x02D9, 0x02DA, 0x02DB, 0x02DC, 0x02DD, 0x02E0, 0x02E1, 0x02E2, 0x02E3, 
0x02E4, 0x02E5, 0x02E8, 0x02E9, 0x02EA, 0x02EB, 0x02EC, 0x02ED, 0x0300, 0x0301, 0x0302, 0x0303, 0x0304, 0x0305, 0x0308, 0x0309, 0x030A, 0x030B, 0x030C, 0x030D, 0x0310, 0x0311, 0x0312, 0x0313, 0x0314, 0x0315, 0x0318, 0x0319, 0x031A, 0x031B, 0x031C, 0x031D, 
0x0320, 0x0321, 0x0322, 0x0323, 0x0324, 0x0325, 0x0328, 0x0329, 0x032A, 0x032B, 0x032C, 0x032D, 0x0340, 0x0341, 0x0342, 0x0343, 0x0344, 0x0345, 0x0348, 0x0349, 0x034A, 0x034B, 0x034C, 0x034D, 0x0350, 0x0351, 0x0352, 0x0353, 0x0354, 0x0355, 0x0358, 0x0359, 
0x035A, 0x035B, 0x035C, 0x035D, 0x0360, 0x0361, 0x0362, 0x0363, 0x0364, 0x0365, 0x0368, 0x0369, 0x036A, 0x036B, 0x036C, 0x036D, 0x0400, 0x0401, 0x0402, 0x0403, 0x0404, 0x0405, 0x0408, 0x0409, 0x040A, 0x040B, 0x040C, 0x040D, 0x0410, 0x0411, 0x0412, 0x0413, 
0x0414, 0x0415, 0x0418, 0x0419, 0x041A, 0x041B, 0x041C, 0x041D, 0x0420, 0x0421, 0x0422, 0x0423, 0x0424, 0x0425, 0x0428, 0x0429, 0x042A, 0x042B, 0x042C, 0x042D, 0x0440, 0x0441, 0x0442, 0x0443, 0x0444, 0x0445, 0x0448, 0x0449, 0x044A, 0x044B, 0x044C, 0x044D, 
0x0450, 0x0451, 0x0452, 0x0453, 0x0454, 0x0455, 0x0458, 0x0459, 0x045A, 0x045B, 0x045C, 0x045D, 0x0460, 0x0461, 0x0462, 0x0463, 0x0464, 0x0465, 0x0468, 0x0469, 0x046A, 0x046B, 0x046C, 0x046D, 0x0480, 0x0481, 0x0482, 0x0483, 0x0484, 0x0485, 0x0488, 0x0489, 
0x048A, 0x048B, 0x048C, 0x048D, 0x0490, 0x0491, 0x0492, 0x0493, 0x0494, 0x0495, 0x0498, 0x0499, 0x049A, 0x049B, 0x049C, 0x049D, 0x04A0, 0x04A1, 0x04A2, 0x04A3, 0x04A4, 0x04A5, 0x04A8, 0x04A9, 0x04AA, 0x04AB, 0x04AC, 0x04AD, 0x04C0, 0x04C1, 0x04C2, 0x04C3, 
0x04C4, 0x04C5, 0x04C8, 0x04C9, 0x04CA, 0x04CB, 0x04CC, 0x04CD, 0x04D0, 0x04D1, 0x04D2, 0x04D3, 0x04D4, 0x04D5, 0x04D8, 0x04D9, 0x04DA, 0x04DB, 0x04DC, 0x04DD, 0x04E0, 0x04E1, 0x04E2, 0x04E3, 0x04E4, 0x04E5, 0x04E8, 0x04E9, 0x04EA, 0x04EB, 0x04EC, 0x04ED, 
0x0500, 0x0501, 0x0502, 0x0503, 0x0504, 0x0505, 0x0508, 0x0509, 0x050A, 0x050B, 0x050C, 0x050D, 0x0510, 0x0511, 0x0512, 0x0513, 0x0514, 0x0515, 0x0518, 0x0519, 0x051A, 0x051B, 0x051C, 0x051D, 0x0520, 0x0521, 0x0522, 0x0523, 0x0524, 0x0525, 0x0528, 0x0529, 
0x052A, 0x052B, 0x052C, 0x052D, 0x0540, 0x0541, 0x0542, 0x0543, 0x0544, 0x0545, 0x0548, 0x0549, 0x054A, 0x054B, 0x054C, 0x054D, 0x0550, 0x0551, 0x0552, 0x0553, 0x0554, 0x0555, 0x0558, 0x0559, 0x055A, 0x055B, 0x055C, 0x055D, 0x0560, 0x0561, 0x0562, 0x0563, 
0x0564, 0x0565, 0x0568, 0x0569, 0x056A, 0x056B, 0x056C, 0x056D, 0x0600, 0x0601, 0x0602, 0x0603, 0x0604, 0x0605, 0x0608, 0x0609, 0x060A, 0x060B, 0x060C, 0x060D, 0x0610, 0x0611, 0x0612, 0x0613, 0x0614, 0x0615, 0x0618, 0x0619, 0x061A, 0x061B, 0x061C, 0x061D, 
0x0620, 0x0621, 0x0622, 0x0623, 0x0624, 0x0625, 0x0628, 0x0629, 0x062A, 0x062B, 0x062C, 0x062D, 0x0640, 0x0641, 0x0642, 0x0643, 0x0644, 0x0645, 0x0648, 0x0649, 0x064A, 0x064B, 0x064C, 0x064D, 0x0650, 0x0651, 0x0652, 0x0653, 0x0654, 0x0655, 0x0658, 0x0659, 
0x065A, 0x065B, 0x065C, 0x065D, 0x0660, 0x0661, 0x0662, 0x0663, 0x0664, 0x0665, 0x0668, 0x0669, 0x066A, 0x066B, 0x066C, 0x066D, 0x0680, 0x0681, 0x0682, 0x0683, 0x0684, 0x0685, 0x0688, 0x0689, 0x068A, 0x068B, 0x068C, 0x068D, 0x0690, 0x0691, 0x0692, 0x0693, 
0x0694, 0x0695, 0x0698, 0x0699, 0x069A, 0x069B, 0x069C, 0x069D, 0x06A0, 0x06A1, 0x06A2, 0x06A3, 0x06A4, 0x06A5, 0x06A8, 0x06A9, 0x06AA, 0x06AB, 0x06AC, 0x06AD, 0x06C0, 0x06C1, 0x06C2, 0x06C3, 0x06C4, 0x06C5, 0x06C8, 0x06C9, 0x06CA, 0x06CB, 0x06CC, 0x06CD, 
0x06D0, 0x06D1, 0x06D2, 0x06D3, 0x06D4, 0x06D5, 0x06D8, 0x06D9, 0x06DA, 0x06DB, 0x06DC, 0x06DD, 0x06E0, 0x06E1, 0x06E2, 0x06E3, 0x06E4, 0x06E5, 0x06E8, 0x06E9, 0x06EA, 0x06EB, 0x06EC, 0x06ED, 0x0700, 0x0701, 0x0702, 0x0703, 0x0704, 0x0705, 0x0708, 0x0709, 
0x070A, 0x070B, 0x070C, 0x070D, 0x0710, 0x0711, 0x0712, 0x0713, 0x0714, 0x0715, 0x0718, 0x0719, 0x071A, 0x071B, 0x071C, 0x071D, 0x0720, 0x0721, 0x0722, 0x0723, 0x0724, 0x0725, 0x0728, 0x0729, 0x072A, 0x072B, 0x072C, 0x072D, 0x0740, 0x0741, 0x0742, 0x0743, 
0x0744, 0x0745, 0x0748, 0x0749, 0x074A, 0x074B, 0x074C, 0x074D, 0x0750, 0x0751, 0x0752, 0x0753, 0x0754, 0x0755, 0x0758, 0x0759, 0x075A, 0x075B, 0x075C, 0x075D, 0x0760, 0x0761, 0x0762, 0x0763, 0x0764, 0x0765, 0x0768, 0x0769, 0x076A, 0x076B, 0x076C, 0x076D, 
0x0800, 0x0801, 0x0802, 0x0803, 0x0804, 0x0805, 0x0808, 0x0809, 0x080A, 0x080B, 0x080C, 0x080D, 0x0810, 0x0811, 0x0812, 0x0813, 0x0814, 0x0815, 0x0818, 0x0819, 0x081A, 0x081B, 0x081C, 0x081D, 0x0820, 0x0821, 0x0822, 0x0823, 0x0824, 0x0825, 0x0828, 0x0829, 
0x082A, 0x082B, 0x082C, 0x082D, 0x0840, 0x0841, 0x0842, 0x0843, 0x0844, 0x0845, 0x0848, 0x0849, 0x084A, 0x084B, 0x084C, 0x084D, 0x0850, 0x0851, 0x0852, 0x0853, 0x0854, 0x0855, 0x0858, 0x0859, 0x085A, 0x085B, 0x085C, 0x085D, 0x0860, 0x0861, 0x0862, 0x0863, 
0x0864, 0x0865, 0x0868, 0x0869, 0x086A, 0x086B, 0x086C, 0x086D, 0x0880, 0x0881, 0x0882, 0x0883, 0x0884, 0x0885, 0x0888, 0x0889, 0x088A, 0x088B, 0x088C, 0x088D, 0x0890, 0x0891, 0x0892, 0x0893, 0x0894, 0x0895, 0x0898, 0x0899, 0x089A, 0x089B, 0x089C, 0x089D, 
0x08A0, 0x08A1, 0x08A2, 0x08A3, 0x08A4, 0x08A5, 0x08A8, 0x08A9, 0x08AA, 0x08AB, 0x08AC, 0x08AD, 0x08C0, 0x08C1, 0x08C2, 0x08C3, 0x08C4, 0x08C5, 0x08C8, 0x08C9, 0x08CA, 0x08CB, 0x08CC, 0x08CD, 0x08D0, 0x08D1, 0x08D2, 0x08D3, 0x08D4, 0x08D5, 0x08D8, 0x08D9, 
0x08DA, 0x08DB, 0x08DC, 0x08DD, 0x08E0, 0x08E1, 0x08E2, 0x08E3, 0x08E4, 0x08E5, 0x08E8, 0x08E9, 0x08EA, 0x08EB, 0x08EC, 0x08ED, 0x0900, 0x0901, 0x0902, 0x0903, 0x0904, 0x0905, 0x0908, 0x0909, 0x090A, 0x090B, 0x090C, 0x090D, 0x0910, 0x0911, 0x0912, 0x0913, 
0x0914, 0x0915, 0x0918, 0x0919, 0x091A, 0x091B, 0x091C, 0x091D, 0x0920, 0x0921, 0x0922, 0x0923, 0x0924, 0x0925, 0x0928, 0x0929, 0x092A, 0x092B, 0x092C, 0x092D, 0x0940, 0x0941, 0x0942, 0x0943, 0x0944, 0x0945, 0x0948, 0x0949, 0x094A, 0x094B, 0x094C, 0x094D, 
0x0950, 0x0951, 0x0952, 0x0953, 0x0954, 0x0955, 0x0958, 0x0959, 0x095A, 0x095B, 0x095C, 0x095D, 0x0960, 0x0961, 0x0962, 0x0963, 0x0964, 0x0965, 0x0968, 0x0969, 0x096A, 0x096B, 0x096C, 0x096D, 0x0A00, 0x0A01, 0x0A02, 0x0A03, 0x0A04, 0x0A05, 0x0A08, 0x0A09, 
0x0A0A, 0x0A0B, 0x0A0C, 0x0A0D, 0x0A10, 0x0A11, 0x0A12, 0x0A13, 0x0A14, 0x0A15, 0x0A18, 0x0A19, 0x0A1A, 0x0A1B, 0x0A1C, 0x0A1D, 0x0A20, 0x0A21, 0x0A22, 0x0A23, 0x0A24, 0x0A25, 0x0A28, 0x0A29, 0x0A2A, 0x0A2B, 0x0A2C, 0x0A2D, 0x0A40, 0x0A41, 0x0A42, 0x0A43, 
0x0A44, 0x0A45, 0x0A48, 0x0A49, 0x0A4A, 0x0A4B, 0x0A4C, 0x0A4D, 0x0A50, 0x0A51, 0x0A52, 0x0A53, 0x0A54, 0x0A55, 0x0A58, 0x0A59, 0x0A5A, 0x0A5B, 0x0A5C, 0x0A5D, 0x0A60, 0x0A61, 0x0A62, 0x0A63, 0x0A64, 0x0A65, 0x0A68, 0x0A69, 0x0A6A, 0x0A6B, 0x0A6C, 0x0A6D, 
0x0A80, 0x0A81, 0x0A82, 0x0A83, 0x0A84, 0x0A85, 0x0A88, 0x0A89, 0x0A8A, 0x0A8B, 0x0A8C, 0x0A8D, 0x0A90, 0x0A91, 0x0A92, 0x0A93, 0x0A94, 0x0A95, 0x0A98, 0x0A99, 0x0A9A, 0x0A9B, 0x0A9C, 0x0A9D, 0x0AA0, 0x0AA1, 0x0AA2, 0x0AA3, 0x0AA4, 0x0AA5, 0x0AA8, 0x0AA9, 
0x0AAA, 0x0AAB, 0x0AAC, 0x0AAD, 0x0AC0, 0x0AC1, 0x0AC2, 0x0AC3, 0x0AC4, 0x0AC5, 0x0AC8, 0x0AC9, 0x0ACA, 0x0ACB, 0x0ACC, 0x0ACD, 0x0AD0, 0x0AD1, 0x0AD2, 0x0AD3, 0x0AD4, 0x0AD5, 0x0AD8, 0x0AD9, 0x0ADA, 0x0ADB, 0x0ADC, 0x0ADD, 0x0AE0, 0x0AE1, 0x0AE2, 0x0AE3, 
0x0AE4, 0x0AE5, 0x0AE8, 0x0AE9, 0x0AEA, 0x0AEB, 0x0AEC, 0x0AED, 0x0B00, 0x0B01, 0x0B02, 0x0B03, 0x0B04, 0x0B05, 0x0B08, 0x0B09, 0x0B0A, 0x0B0B, 0x0B0C, 0x0B0D, 0x0B10, 0x0B11, 0x0B12, 0x0B13, 0x0B14, 0x0B15, 0x0B18, 0x0B19, 0x0B1A, 0x0B1B, 0x0B1C, 0x0B1D, 
0x0B20, 0x0B21, 0x0B22, 0x0B23, 0x0B24, 0x0B25, 0x0B28, 0x0B29, 0x0B2A, 0x0B2B, 0x0B2C, 0x0B2D, 0x0B40, 0x0B41, 0x0B42, 0x0B43, 0x0B44, 0x0B45, 0x0B48, 0x0B49, 0x0B4A, 0x0B4B, 0x0B4C, 0x0B4D, 0x0B50, 0x0B51, 0x0B52, 0x0B53, 0x0B54, 0x0B55, 0x0B58, 0x0B59, 
0x0B5A, 0x0B5B, 0x0B5C, 0x0B5D, 0x0B60, 0x0B61, 0x0B62, 0x0B63, 0x0B64, 0x0B65, 0x0B68, 0x0B69, 0x0B6A, 0x0B6B, 0x0B6C, 0x0B6D, 0x1000, 0x1001, 0x1002, 0x1003, 0x1004, 0x1005, 0x1008, 0x1009, 0x100A, 0x100B, 0x100C, 0x100D, 0x1010, 0x1011, 0x1012, 0x1013, 
0x1014, 0x1015, 0x1018, 0x1019, 0x101A, 0x101B, 0x101C, 0x101D, 0x1020, 0x1021, 0x1022, 0x1023, 0x1024, 0x1025, 0x1028, 0x1029, 0x102A, 0x102B, 0x102C, 0x102D, 0x1040, 0x1041, 0x1042, 0x1043, 0x1044, 0x1045, 0x1048, 0x1049, 0x104A, 0x104B, 0x104C, 0x104D, 
0x1050, 0x1051, 0x1052, 0x1053, 0x1054, 0x1055, 0x1058, 0x1059, 0x105A, 0x105B, 0x105C, 0x105D, 0x1060, 0x1061, 0x1062, 0x1063, 0x1064, 0x1065, 0x1068, 0x1069, 0x106A, 0x106B, 0x106C, 0x106D, 0x1080, 0x1081, 0x1082, 0x1083, 0x1084, 0x1085, 0x1088, 0x1089, 
0x108A, 0x108B, 0x108C, 0x108D, 0x1090, 0x1091, 0x1092, 0x1093, 0x1094, 0x1095, 0x1098, 0x1099, 0x109A, 0x109B, 0x109C, 0x109D, 0x10A0, 0x10A1, 0x10A2, 0x10A3, 0x10A4, 0x10A5, 0x10A8, 0x10A9, 0x10AA, 0x10AB, 0x10AC, 0x10AD, 0x10C0, 0x10C1, 0x10C2, 0x10C3, 
0x10C4, 0x10C5, 0x10C8, 0x10C9, 0x10CA, 0x10CB, 0x10CC, 0x10CD, 0x10D0, 0x10D1, 0x10D2, 0x10D3, 0x10D4, 0x10D5, 0x10D8, 0x10D9, 0x10DA, 0x10DB, 0x10DC, 0x10DD, 0x10E0, 0x10E1, 0x10E2, 0x10E3, 0x10E4, 0x10E5, 0x10E8, 0x10E9, 0x10EA, 0x10EB, 0x10EC, 0x10ED, 
0x1100, 0x1101, 0x1102, 0x1103, 0x1104, 0x1105, 0x1108, 0x1109, 0x110A, 0x110B, 0x110C, 0x110D, 0x1110, 0x1111, 0x1112, 0x1113, 0x1114, 0x1115, 0x1118, 0x1119, 0x111A, 0x111B, 0x111C, 0x111D, 0x1120, 0x1121, 0x1122, 0x1123, 0x1124, 0x1125, 0x1128, 0x1129, 
0x112A, 0x112B, 0x112C, 0x112D, 0x1140, 0x1141, 0x1142, 0x1143, 0x1144, 0x1145, 0x1148, 0x1149, 0x114A, 0x114B, 0x114C, 0x114D, 0x1150, 0x1151, 0x1152, 0x1153, 0x1154, 0x1155, 0x1158, 0x1159, 0x115A, 0x115B, 0x115C, 0x115D, 0x1160, 0x1161, 0x1162, 0x1163, 
0x1164, 0x1165, 0x1168, 0x1169, 0x116A, 0x116B, 0x116C, 0x116D, 0x1200, 0x1201, 0x1202, 0x1203, 0x1204, 0x1205, 0x1208, 0x1209, 0x120A, 0x120B, 0x120C, 0x120D, 0x1210, 0x1211, 0x1212, 0x1213, 0x1214, 0x1215, 0x1218, 0x1219, 0x121A, 0x121B, 0x121C, 0x121D, 
0x1220, 0x1221, 0x1222, 0x1223, 0x1224, 0x1225, 0x1228, 0x1229, 0x122A, 0x122B, 0x122C, 0x122D, 0x1240, 0x1241, 0x1242, 0x1243, 0x1244, 0x1245, 0x1248, 0x1249, 0x124A, 0x124B, 0x124C, 0x124D, 0x1250, 0x1251, 0x1252, 0x1253, 0x1254, 0x1255, 0x1258, 0x1259, 
0x125A, 0x125B, 0x125C, 0x125D, 0x1260, 0x1261, 0x1262, 0x1263, 0x1264, 0x1265, 0x1268, 0x1269, 0x126A, 0x126B, 0x126C, 0x126D, 0x1280, 0x1281, 0x1282, 0x1283, 0x1284, 0x1285, 0x1288, 0x1289, 0x128A, 0x128B, 0x128C, 0x128D, 0x1290, 0x1291, 0x1292, 0x1293, 
0x1294, 0x1295, 0x1298, 0x1299, 0x129A, 0x129B, 0x129C, 0x129D, 0x12A0, 0x12A1, 0x12A2, 0x12A3, 0x12A4, 0x12A5, 0x12A8, 0x12A9, 0x12AA, 0x12AB, 0x12AC, 0x12AD, 0x12C0, 0x12C1, 0x12C2, 0x12C3, 0x12C4, 0x12C5, 0x12C8, 0x12C9, 0x12CA, 0x12CB, 0x12CC, 0x12CD, 
0x12D0, 0x12D1, 0x12D2, 0x12D3, 0x12D4, 0x12D5, 0x12D8, 0x12D9, 0x12DA, 0x12DB, 0x12DC, 0x12DD, 0x12E0, 0x12E1, 0x12E2, 0x12E3, 0x12E4, 0x12E5, 0x12E8, 0x12E9, 0x12EA, 0x12EB, 0x12EC, 0x12ED, 0x1300, 0x1301, 0x1302, 0x1303, 0x1304, 0x1305, 0x1308, 0x1309, 
0x130A, 0x130B, 0x130C, 0x130D, 0x1310, 0x1311, 0x1312, 0x1313, 0x1314, 0x1315, 0x1318, 0x1319, 0x131A, 0x131B, 0x131C, 0x131D, 0x1320, 0x1321, 0x1322, 0x1323, 0x1324, 0x1325, 0x1328, 0x1329, 0x132A, 0x132B, 0x132C, 0x132D, 0x1340, 0x1341, 0x1342, 0x1343, 
0x1344, 0x1345, 0x1348, 0x1349, 0x134A, 0x134B, 0x134C, 0x134D, 0x1350, 0x1351, 0x1352, 0x1353, 0x1354, 0x1355, 0x1358, 0x1359, 0x135A, 0x135B, 0x135C, 0x135D, 0x1360, 0x1361, 0x1362, 0x1363, 0x1364, 0x1365, 0x1368, 0x1369, 0x136A, 0x136B, 0x136C, 0x136D, 
0x1400, 0x1401, 0x1402, 0x1403, 0x1404, 0x1405, 0x1408, 0x1409, 0x140A, 0x140B, 0x140C, 0x140D, 0x1410, 0x1411, 0x1412, 0x1413, 0x1414, 0x1415, 0x1418, 0x1419, 0x141A, 0x141B, 0x141C, 0x141D, 0x1420, 0x1421, 0x1422, 0x1423, 0x1424, 0x1425, 0x1428, 0x1429, 
0x142A, 0x142B, 0x142C, 0x142D, 0x1440, 0x1441, 0x1442, 0x1443, 0x1444, 0x1445, 0x1448, 0x1449, 0x144A, 0x144B, 0x144C, 0x144D, 0x1450, 0x1451, 0x1452, 0x1453, 0x1454, 0x1455, 0x1458, 0x1459, 0x145A, 0x145B, 0x145C, 0x145D, 0x1460, 0x1461, 0x1462, 0x1463, 
0x1464, 0x1465, 0x1468, 0x1469, 0x146A, 0x146B, 0x146C, 0x146D, 0x1480, 0x1481, 0x1482, 0x1483, 0x1484, 0x1485, 0x1488, 0x1489, 0x148A, 0x148B, 0x148C, 0x148D, 0x1490, 0x1491, 0x1492, 0x1493, 0x1494, 0x1495, 0x1498, 0x1499, 0x149A, 0x149B, 0x149C, 0x149D, 
0x14A0, 0x14A1, 0x14A2, 0x14A3, 0x14A4, 0x14A5, 0x14A8, 0x14A9, 0x14AA, 0x14AB, 0x14AC, 0x14AD, 0x14C0, 0x14C1, 0x14C2, 0x14C3, 0x14C4, 0x14C5, 0x14C8, 0x14C9, 0x14CA, 0x14CB, 0x14CC, 0x14CD, 0x14D0, 0x14D1, 0x14D2, 0x14D3, 0x14D4, 0x14D5, 0x14D8, 0x14D9, 
0x14DA, 0x14DB, 0x14DC, 0x14DD, 0x14E0, 0x14E1, 0x14E2, 0x14E3, 0x14E4, 0x14E5, 0x14E8, 0x14E9, 0x14EA, 0x14EB, 0x14EC, 0x14ED, 0x1500, 0x1501, 0x1502, 0x1503, 0x1504, 0x1505, 0x1508, 0x1509, 0x150A, 0x150B, 0x150C, 0x150D, 0x1510, 0x1511, 0x1512, 0x1513, 
0x1514, 0x1515, 0x1518, 0x1519, 0x151A, 0x151B, 0x151C, 0x151D, 0x1520, 0x1521, 0x1522, 0x1523, 0x1524, 0x1525, 0x1528, 0x1529, 0x152A, 0x152B, 0x152C, 0x152D, 0x1540, 0x1541, 0x1542, 0x1543, 0x1544, 0x1545, 0x1548, 0x1549, 0x154A, 0x154B, 0x154C, 0x154D, 
0x1550, 0x1551, 0x1552, 0x1553, 0x1554, 0x1555, 0x1558, 0x1559, 0x155A, 0x155B, 0x155C, 0x155D, 0x1560, 0x1561, 0x1562, 0x1563, 0x1564, 0x1565, 0x1568, 0x1569, 0x156A, 0x156B, 0x156C, 0x156D, 0x1600, 0x1601, 0x1602, 0x1603, 0x1604, 0x1605, 0x1608, 0x1609, 
0x160A, 0x160B, 0x160C, 0x160D, 0x1610, 0x1611, 0x1612, 0x1613, 0x1614, 0x1615, 0x1618, 0x1619, 0x161A, 0x161B, 0x161C, 0x161D, 0x1620, 0x1621, 0x1622, 0x1623, 0x1624, 0x1625, 0x1628, 0x1629, 0x162A, 0x162B, 0x162C, 0x162D, 0x1640, 0x1641, 0x1642, 0x1643, 
0x1644, 0x1645, 0x1648, 0x1649, 0x164A, 0x164B, 0x164C, 0x164D, 0x1650, 0x1651, 0x1652, 0x1653, 0x1654, 0x1655, 0x1658, 0x1659, 0x165A, 0x165B, 0x165C, 0x165D, 0x1660, 0x1661, 0x1662, 0x1663, 0x1664, 0x1665, 0x1668, 0x1669, 0x166A, 0x166B, 0x166C, 0x166D, 
0x1680, 0x1681, 0x1682, 0x1683, 0x1684, 0x1685, 0x1688, 0x1689, 0x168A, 0x168B, 0x168C, 0x168D, 0x1690, 0x1691, 0x1692, 0x1693, 0x1694, 0x1695, 0x1698, 0x1699, 0x169A, 0x169B, 0x169C, 0x169D, 0x16A0, 0x16A1, 0x16A2, 0x16A3, 0x16A4, 0x16A5, 0x16A8, 0x16A9, 
0x16AA, 0x16AB, 0x16AC, 0x16AD, 0x16C0, 0x16C1, 0x16C2, 0x16C3, 0x16C4, 0x16C5, 0x16C8, 0x16C9, 0x16CA, 0x16CB, 0x16CC, 0x16CD, 0x16D0, 0x16D1, 0x16D2, 0x16D3, 0x16D4, 0x16D5, 0x16D8, 0x16D9, 0x16DA, 0x16DB, 0x16DC, 0x16DD, 0x16E0, 0x16E1, 0x16E2, 0x16E3, 
0x16E4, 0x16E5, 0x16E8, 0x16E9, 0x16EA, 0x16EB, 0x16EC, 0x16ED, 0x1700, 0x1701, 0x1702, 0x1703, 0x1704, 0x1705, 0x1708, 0x1709, 0x170A, 0x170B, 0x170C, 0x170D, 0x1710, 0x1711, 0x1712, 0x1713, 0x1714, 0x1715, 0x1718, 0x1719, 0x171A, 0x171B, 0x171C, 0x171D, 
0x1720, 0x1721, 0x1722, 0x1723, 0x1724, 0x1725, 0x1728, 0x1729, 0x172A, 0x172B, 0x172C, 0x172D, 0x1740, 0x1741, 0x1742, 0x1743, 0x1744, 0x1745, 0x1748, 0x1749, 0x174A, 0x174B, 0x174C, 0x174D, 0x1750, 0x1751, 0x1752, 0x1753, 0x1754, 0x1755, 0x1758, 0x1759, 
0x175A, 0x175B, 0x175C, 0x175D, 0x1760, 0x1761, 0x1762, 0x1763, 0x1764, 0x1765, 0x1768, 0x1769, 0x176A, 0x176B, 0x176C, 0x176D, 0x1800, 0x1801, 0x1802, 0x1803, 0x1804, 0x1805, 0x1808, 0x1809, 0x180A, 0x180B, 0x180C, 0x180D, 0x1810, 0x1811, 0x1812, 0x1813, 
0x1814, 0x1815, 0x1818, 0x1819, 0x181A, 0x181B, 0x181C, 0x181D, 0x1820, 0x1821, 0x1822, 0x1823, 0x1824, 0x1825, 0x1828, 0x1829, 0x182A, 0x182B, 0x182C, 0x182D, 0x1840, 0x1841, 0x1842, 0x1843, 0x1844, 0x1845, 0x1848, 0x1849, 0x184A, 0x184B, 0x184C, 0x184D, 
0x1850, 0x1851, 0x1852, 0x1853, 0x1854, 0x1855, 0x1858, 0x1859, 0x185A, 0x185B, 0x185C, 0x185D, 0x1860, 0x1861, 0x1862, 0x1863, 0x1864, 0x1865, 0x1868, 0x1869, 0x186A, 0x186B, 0x186C, 0x186D, 0x1880, 0x1881, 0x1882, 0x1883, 0x1884, 0x1885, 0x1888, 0x1889, 
0x188A, 0x188B, 0x188C, 0x188D, 0x1890, 0x1891, 0x1892, 0x1893, 0x1894, 0x1895, 0x1898, 0x1899, 0x189A, 0x189B, 0x189C, 0x189D, 0x18A0, 0x18A1, 0x18A2, 0x18A3, 0x18A4, 0x18A5, 0x18A8, 0x18A9, 0x18AA, 0x18AB, 0x18AC, 0x18AD, 0x18C0, 0x18C1, 0x18C2, 0x18C3, 
0x18C4, 0x18C5, 0x18C8, 0x18C9, 0x18CA, 0x18CB, 0x18CC, 0x18CD, 0x18D0, 0x18D1, 0x18D2, 0x18D3, 0x18D4, 0x18D5, 0x18D8, 0x18D9, 0x18DA, 0x18DB, 0x18DC, 0x18DD, 0x18E0, 0x18E1, 0x18E2, 0x18E3, 0x18E4, 0x18E5, 0x18E8, 0x18E9, 0x18EA, 0x18EB, 0x18EC, 0x18ED, 
0x1900, 0x1901, 0x1902, 0x1903, 0x1904, 0x1905, 0x1908, 0x1909, 0x190A, 0x190B, 0x190C, 0x190D, 0x1910, 0x1911, 0x1912, 0x1913, 0x1914, 0x1915, 0x1918, 0x1919, 0x191A, 0x191B, 0x191C, 0x191D, 0x1920, 0x1921, 0x1922, 0x1923, 0x1924, 0x1925, 0x1928, 0x1929, 
0x192A, 0x192B, 0x192C, 0x192D, 0x1940, 0x1941, 0x1942, 0x1943, 0x1944, 0x1945, 0x1948, 0x1949, 0x194A, 0x194B, 0x194C, 0x194D, 0x1950, 0x1951, 0x1952, 0x1953, 0x1954, 0x1955, 0x1958, 0x1959, 0x195A, 0x195B, 0x195C, 0x195D, 0x1960, 0x1961, 0x1962, 0x1963, 
0x1964, 0x1965, 0x1968, 0x1969, 0x196A, 0x196B, 0x196C, 0x196D, 0x1A00, 0x1A01, 0x1A02, 0x1A03, 0x1A04, 0x1A05, 0x1A08, 0x1A09, 0x1A0A, 0x1A0B, 0x1A0C, 0x1A0D, 0x1A10, 0x1A11, 0x1A12, 0x1A13, 0x1A14, 0x1A15, 0x1A18, 0x1A19, 0x1A1A, 0x1A1B, 0x1A1C, 0x1A1D, 
0x1A20, 0x1A21, 0x1A22, 0x1A23, 0x1A24, 0x1A25, 0x1A28, 0x1A29, 0x1A2A, 0x1A2B, 0x1A2C, 0x1A2D, 0x1A40, 0x1A41, 0x1A42, 0x1A43, 0x1A44, 0x1A45, 0x1A48, 0x1A49, 0x1A4A, 0x1A4B, 0x1A4C, 0x1A4D, 0x1A50, 0x1A51, 0x1A52, 0x1A53, 0x1A54, 0x1A55, 0x1A58, 0x1A59, 
0x1A5A, 0x1A5B, 0x1A5C, 0x1A5D, 0x1A60, 0x1A61, 0x1A62, 0x1A63, 0x1A64, 0x1A65, 0x1A68, 0x1A69, 0x1A6A, 0x1A6B, 0x1A6C, 0x1A6D, 0x1A80, 0x1A81, 0x1A82, 0x1A83, 0x1A84, 0x1A85, 0x1A88, 0x1A89, 0x1A8A, 0x1A8B, 0x1A8C, 0x1A8D, 0x1A90, 0x1A91, 0x1A92, 0x1A93, 
0x1A94, 0x1A95, 0x1A98, 0x1A99, 0x1A9A, 0x1A9B, 0x1A9C, 0x1A9D, 0x1AA0, 0x1AA1, 0x1AA2, 0x1AA3, 0x1AA4, 0x1AA5, 0x1AA8, 0x1AA9, 0x1AAA, 0x1AAB, 0x1AAC, 0x1AAD, 0x1AC0, 0x1AC1, 0x1AC2, 0x1AC3, 0x1AC4, 0x1AC5, 0x1AC8, 0x1AC9, 0x1ACA, 0x1ACB, 0x1ACC, 0x1ACD, 
0x1AD0, 0x1AD1, 0x1AD2, 0x1AD3, 0x1AD4, 0x1AD5, 0x1AD8, 0x1AD9, 0x1ADA, 0x1ADB, 0x1ADC, 0x1ADD, 0x1AE0, 0x1AE1, 0x1AE2, 0x1AE3, 0x1AE4, 0x1AE5, 0x1AE8, 0x1AE9, 0x1AEA, 0x1AEB, 0x1AEC, 0x1AED, 0x1B00, 0x1B01, 0x1B02, 0x1B03, 0x1B04, 0x1B05, 0x1B08, 0x1B09, 
0x1B0A, 0x1B0B, 0x1B0C, 0x1B0D, 0x1B10, 0x1B11, 0x1B12, 0x1B13, 0x1B14, 0x1B15, 0x1B18, 0x1B19, 0x1B1A, 0x1B1B, 0x1B1C, 0x1B1D, 0x1B20, 0x1B21, 0x1B22, 0x1B23, 0x1B24, 0x1B25, 0x1B28, 0x1B29, 0x1B2A, 0x1B2B, 0x1B2C, 0x1B2D, 0x1B40, 0x1B41, 0x1B42, 0x1B43, 
0x1B44, 0x1B45, 0x1B48, 0x1B49, 0x1B4A, 0x1B4B, 0x1B4C, 0x1B4D, 0x1B50, 0x1B51, 0x1B52, 0x1B53, 0x1B54, 0x1B55, 0x1B58, 0x1B59, 0x1B5A, 0x1B5B, 0x1B5C, 0x1B5D, 0x1B60, 0x1B61, 0x1B62, 0x1B63, 0x1B64, 0x1B65, 0x1B68, 0x1B69, 0x1B6A, 0x1B6B, 0x1B6C, 0x1B6D, 
0x2000, 0x2001, 0x2002, 0x2003, 0x2004, 0x2005, 0x2008, 0x2009, 0x200A, 0x200B, 0x200C, 0x200D, 0x2010, 0x2011, 0x2012, 0x2013, 0x2014, 0x2015, 0x2018, 0x2019, 0x201A, 0x201B, 0x201C, 0x201D, 0x2020, 0x2021, 0x2022, 0x2023, 0x2024, 0x2025, 0x2028, 0x2029, 
0x202A, 0x202B, 0x202C, 0x202D, 0x2040, 0x2041, 0x2042, 0x2043, 0x2044, 0x2045, 0x2048, 0x2049, 0x204A, 0x204B, 0x204C, 0x204D, 0x2050, 0x2051, 0x2052, 0x2053, 0x2054, 0x2055, 0x2058, 0x2059, 0x205A, 0x205B, 0x205C, 0x205D, 0x2060, 0x2061, 0x2062, 0x2063, 
0x2064, 0x2065, 0x2068, 0x2069, 0x206A, 0x206B, 0x206C, 0x206D, 0x2080, 0x2081, 0x2082, 0x2083, 0x2084, 0x2085, 0x2088, 0x2089, 0x208A, 0x208B, 0x208C, 0x208D, 0x2090, 0x2091, 0x2092, 0x2093, 0x2094, 0x2095, 0x2098, 0x2099, 0x209A, 0x209B, 0x209C, 0x209D, 
0x20A0, 0x20A1, 0x20A2, 0x20A3, 0x20A4, 0x20A5, 0x20A8, 0x20A9, 0x20AA, 0x20AB, 0x20AC, 0x20AD, 0x20C0, 0x20C1, 0x20C2, 0x20C3, 0x20C4, 0x20C5, 0x20C8, 0x20C9, 0x20CA, 0x20CB, 0x20CC, 0x20CD, 0x20D0, 0x20D1, 0x20D2, 0x20D3, 0x20D4, 0x20D5, 0x20D8, 0x20D9, 
0x20DA, 0x20DB, 0x20DC, 0x20DD, 0x20E0, 0x20E1, 0x20E2, 0x20E3, 0x20E4, 0x20E5, 0x20E8, 0x20E9, 0x20EA, 0x20EB, 0x20EC, 0x20ED, 0x2100, 0x2101, 0x2102, 0x2103, 0x2104, 0x2105, 0x2108, 0x2109, 0x210A, 0x210B, 0x210C, 0x210D, 0x2110, 0x2111, 0x2112, 0x2113, 
0x2114, 0x2115, 0x2118, 0x2119, 0x211A, 0x211B, 0x211C, 0x211D, 0x2120, 0x2121, 0x2122, 0x2123, 0x2124, 0x2125, 0x2128, 0x2129, 0x212A, 0x212B, 0x212C, 0x212D, 0x2140, 0x2141, 0x2142, 0x2143, 0x2144, 0x2145, 0x2148, 0x2149, 0x214A, 0x214B, 0x214C, 0x214D, 
0x2150, 0x2151, 0x2152, 0x2153, 0x2154, 0x2155, 0x2158, 0x2159, 0x215A, 0x215B, 0x215C, 0x215D, 0x2160, 0x2161, 0x2162, 0x2163, 0x2164, 0x2165, 0x2168, 0x2169, 0x216A, 0x216B, 0x216C, 0x216D, 0x2200, 0x2201, 0x2202, 0x2203, 0x2204, 0x2205, 0x2208, 0x2209, 
0x220A, 0x220B, 0x220C, 0x220D, 0x2210, 0x2211, 0x2212, 0x2213, 0x2214, 0x2215, 0x2218, 0x2219, 0x221A, 0x221B, 0x221C, 0x221D, 0x2220, 0x2221, 0x2222, 0x2223, 0x2224, 0x2225, 0x2228, 0x2229, 0x222A, 0x222B, 0x222C, 0x222D, 0x2240, 0x2241, 0x2242, 0x2243, 
0x2244, 0x2245, 0x2248, 0x2249, 0x224A, 0x224B, 0x224C, 0x224D, 0x2250, 0x2251, 0x2252, 0x2253, 0x2254, 0x2255, 0x2258, 0x2259, 0x225A, 0x225B, 0x225C, 0x225D, 0x2260, 0x2261, 0x2262, 0x2263, 0x2264, 0x2265, 0x2268, 0x2269, 0x226A, 0x226B, 0x226C, 0x226D, 
0x2280, 0x2281, 0x2282, 0x2283, 0x2284, 0x2285, 0x2288, 0x2289, 0x228A, 0x228B, 0x228C, 0x228D, 0x2290, 0x2291, 0x2292, 0x2293, 0x2294, 0x2295, 0x2298, 0x2299, 0x229A, 0x229B, 0x229C, 0x229D, 0x22A0, 0x22A1, 0x22A2, 0x22A3, 0x22A4, 0x22A5, 0x22A8, 0x22A9, 
0x22AA, 0x22AB, 0x22AC, 0x22AD, 0x22C0, 0x22C1, 0x22C2, 0x22C3, 0x22C4, 0x22C5, 0x22C8, 0x22C9, 0x22CA, 0x22CB, 0x22CC, 0x22CD, 0x22D0, 0x22D1, 0x22D2, 0x22D3, 0x22D4, 0x22D5, 0x22D8, 0x22D9, 0x22DA, 0x22DB, 0x22DC, 0x22DD, 0x22E0, 0x22E1, 0x22E2, 0x22E3, 
0x22E4, 0x22E5, 0x22E8, 0x22E9, 0x22EA, 0x22EB, 0x22EC, 0x22ED, 0x2300, 0x2301, 0x2302, 0x2303, 0x2304, 0x2305, 0x2308, 0x2309, 0x230A, 0x230B, 0x230C, 0x230D, 0x2310, 0x2311, 0x2312, 0x2313, 0x2314, 0x2315, 0x2318, 0x2319, 0x231A, 0x231B, 0x231C, 0x231D, 
0x2320, 0x2321, 0x2322, 0x2323, 0x2324, 0x2325, 0x2328, 0x2329, 0x232A, 0x232B, 0x232C, 0x232D, 0x2340, 0x2341, 0x2342, 0x2343, 0x2344, 0x2345, 0x2348, 0x2349, 0x234A, 0x234B, 0x234C, 0x234D, 0x2350, 0x2351, 0x2352, 0x2353, 0x2354, 0x2355, 0x2358, 0x2359, 
0x235A, 0x235B, 0x235C, 0x235D, 0x2360, 0x2361, 0x2362, 0x2363, 0x2364, 0x2365, 0x2368, 0x2369, 0x236A, 0x236B, 0x236C, 0x236D, 0x2400, 0x2401, 0x2402, 0x2403, 0x2404, 0x2405, 0x2408, 0x2409, 0x240A, 0x240B, 0x240C, 0x240D, 0x2410, 0x2411, 0x2412, 0x2413, 
0x2414, 0x2415, 0x2418, 0x2419, 0x241A, 0x241B, 0x241C, 0x241D, 0x2420, 0x2421, 0x2422, 0x2423, 0x2424, 0x2425, 0x2428, 0x2429, 0x242A, 0x242B, 0x242C, 0x242D, 0x2440, 0x2441, 0x2442, 0x2443, 0x2444, 0x2445, 0x2448, 0x2449, 0x244A, 0x244B, 0x244C, 0x244D, 
0x2450, 0x2451, 0x2452, 0x2453, 0x2454, 0x2455, 0x2458, 0x2459, 0x245A, 0x245B, 0x245C, 0x245D, 0x2460, 0x2461, 0x2462, 0x2463, 0x2464, 0x2465, 0x2468, 0x2469, 0x246A, 0x246B, 0x246C, 0x246D, 0x2480, 0x2481, 0x2482, 0x2483, 0x2484, 0x2485, 0x2488, 0x2489, 
0x248A, 0x248B, 0x248C, 0x248D, 0x2490, 0x2491, 0x2492, 0x2493, 0x2494, 0x2495, 0x2498, 0x2499, 0x249A, 0x249B, 0x249C, 0x249D, 0x24A0, 0x24A1, 0x24A2, 0x24A3, 0x24A4, 0x24A5, 0x24A8, 0x24A9, 0x24AA, 0x24AB, 0x24AC, 0x24AD, 0x24C0, 0x24C1, 0x24C2, 0x24C3, 
0x24C4, 0x24C5, 0x24C8, 0x24C9, 0x24CA, 0x24CB, 0x24CC, 0x24CD, 0x24D0, 0x24D1, 0x24D2, 0x24D3, 0x24D4, 0x24D5, 0x24D8, 0x24D9, 0x24DA, 0x24DB, 0x24DC, 0x24DD, 0x24E0, 0x24E1, 0x24E2, 0x24E3, 0x24E4, 0x24E5, 0x24E8, 0x24E9, 0x24EA, 0x24EB, 0x24EC, 0x24ED, 
0x2500, 0x2501, 0x2502, 0x2503, 0x2504, 0x2505, 0x2508, 0x2509, 0x250A, 0x250B, 0x250C, 0x250D, 0x2510, 0x2511, 0x2512, 0x2513, 0x2514, 0x2515, 0x2518, 0x2519, 0x251A, 0x251B, 0x251C, 0x251D, 0x2520, 0x2521, 0x2522, 0x2523, 0x2524, 0x2525, 0x2528, 0x2529, 
0x252A, 0x252B, 0x252C, 0x252D, 0x2540, 0x2541, 0x2542, 0x2543, 0x2544, 0x2545, 0x2548, 0x2549, 0x254A, 0x254B, 0x254C, 0x254D, 0x2550, 0x2551, 0x2552, 0x2553, 0x2554, 0x2555, 0x2558, 0x2559, 0x255A, 0x255B, 0x255C, 0x255D, 0x2560, 0x2561, 0x2562, 0x2563, 
0x2564, 0x2565, 0x2568, 0x2569, 0x256A, 0x256B, 0x256C, 0x256D, 0x2600, 0x2601, 0x2602, 0x2603, 0x2604, 0x2605, 0x2608, 0x2609, 0x260A, 0x260B, 0x260C, 0x260D, 0x2610, 0x2611, 0x2612, 0x2613, 0x2614, 0x2615, 0x2618, 0x2619, 0x261A, 0x261B, 0x261C, 0x261D, 
0x2620, 0x2621, 0x2622, 0x2623, 0x2624, 0x2625, 0x2628, 0x2629, 0x262A, 0x262B, 0x262C, 0x262D, 0x2640, 0x2641, 0x2642, 0x2643, 0x2644, 0x2645, 0x2648, 0x2649, 0x264A, 0x264B, 0x264C, 0x264D, 0x2650, 0x2651, 0x2652, 0x2653, 0x2654, 0x2655, 0x2658, 0x2659, 
0x265A, 0x265B, 0x265C, 0x265D, 0x2660, 0x2661, 0x2662, 0x2663, 0x2664, 0x2665, 0x2668, 0x2669, 0x266A, 0x266B, 0x266C, 0x266D, 0x2680, 0x2681, 0x2682, 0x2683, 0x2684, 0x2685, 0x2688, 0x2689, 0x268A, 0x268B, 0x268C, 0x268D, 0x2690, 0x2691, 0x2692, 0x2693, 
0x2694, 0x2695, 0x2698, 0x2699, 0x269A, 0x269B, 0x269C, 0x269D, 0x26A0, 0x26A1, 0x26A2, 0x26A3, 0x26A4, 0x26A5, 0x26A8, 0x26A9, 0x26AA, 0x26AB, 0x26AC, 0x26AD, 0x26C0, 0x26C1, 0x26C2, 0x26C3, 0x26C4, 0x26C5, 0x26C8, 0x26C9, 0x26CA, 0x26CB, 0x26CC, 0x26CD, 
0x26D0, 0x26D1, 0x26D2, 0x26D3, 0x26D4, 0x26D5, 0x26D8, 0x26D9, 0x26DA, 0x26DB, 0x26DC, 0x26DD, 0x26E0, 0x26E1, 0x26E2, 0x26E3, 0x26E4, 0x26E5, 0x26E8, 0x26E9, 0x26EA, 0x26EB, 0x26EC, 0x26ED, 0x2700, 0x2701, 0x2702, 0x2703, 0x2704, 0x2705, 0x2708, 0x2709, 
0x270A, 0x270B, 0x270C, 0x270D, 0x2710, 0x2711, 0x2712, 0x2713, 0x2714, 0x2715, 0x2718, 0x2719, 0x271A, 0x271B, 0x271C, 0x271D, 0x2720, 0x2721, 0x2722, 0x2723, 0x2724, 0x2725, 0x2728, 0x2729, 0x272A, 0x272B, 0x272C, 0x272D, 0x2740, 0x2741, 0x2742, 0x2743, 
0x2744, 0x2745, 0x2748, 0x2749, 0x274A, 0x274B, 0x274C, 0x274D, 0x2750, 0x2751, 0x2752, 0x2753, 0x2754, 0x2755, 0x2758, 0x2759, 0x275A, 0x275B, 0x275C, 0x275D, 0x2760, 0x2761, 0x2762, 0x2763, 0x2764, 0x2765, 0x2768, 0x2769, 0x276A, 0x276B, 0x276C, 0x276D, 
0x2800, 0x2801, 0x2802, 0x2803, 0x2804, 0x2805, 0x2808, 0x2809, 0x280A, 0x280B, 0x280C, 0x280D, 0x2810, 0x2811, 0x2812, 0x2813, 0x2814, 0x2815, 0x2818, 0x2819, 0x281A, 0x281B, 0x281C, 0x281D, 0x2820, 0x2821, 0x2822, 0x2823, 0x2824, 0x2825, 0x2828, 0x2829, 
0x282A, 0x282B, 0x282C, 0x282D, 0x2840, 0x2841, 0x2842, 0x2843, 0x2844, 0x2845, 0x2848, 0x2849, 0x284A, 0x284B, 0x284C, 0x284D, 0x2850, 0x2851, 0x2852, 0x2853, 0x2854, 0x2855, 0x2858, 0x2859, 0x285A, 0x285B, 0x285C, 0x285D, 0x2860, 0x2861, 0x2862, 0x2863, 
0x2864, 0x2865, 0x2868, 0x2869, 0x286A, 0x286B, 0x286C, 0x286D, 0x2880, 0x2881, 0x2882, 0x2883, 0x2884, 0x2885, 0x2888, 0x2889, 0x288A, 0x288B, 0x288C, 0x288D, 0x2890, 0x2891, 0x2892, 0x2893, 0x2894, 0x2895, 0x2898, 0x2899, 0x289A, 0x289B, 0x289C, 0x289D, 
0x28A0, 0x28A1, 0x28A2, 0x28A3, 0x28A4, 0x28A5, 0x28A8, 0x28A9, 0x28AA, 0x28AB, 0x28AC, 0x28AD, 0x28C0, 0x28C1, 0x28C2, 0x28C3, 0x28C4, 0x28C5, 0x28C8, 0x28C9, 0x28CA, 0x28CB, 0x28CC, 0x28CD, 0x28D0, 0x28D1, 0x28D2, 0x28D3, 0x28D4, 0x28D5, 0x28D8, 0x28D9, 
0x28DA, 0x28DB, 0x28DC, 0x28DD, 0x28E0, 0x28E1, 0x28E2, 0x28E3, 0x28E4, 0x28E5, 0x28E8, 0x28E9, 0x28EA, 0x28EB, 0x28EC, 0x28ED, 0x2900, 0x2901, 0x2902, 0x2903, 0x2904, 0x2905, 0x2908, 0x2909, 0x290A, 0x290B, 0x290C, 0x290D, 0x2910, 0x2911, 0x2912, 0x2913, 
0x2914, 0x2915, 0x2918, 0x2919, 0x291A, 0x291B, 0x291C, 0x291D, 0x2920, 0x2921, 0x2922, 0x2923, 0x2924, 0x2925, 0x2928, 0x2929, 0x292A, 0x292B, 0x292C, 0x292D, 0x2940, 0x2941, 0x2942, 0x2943, 0x2944, 0x2945, 0x2948, 0x2949, 0x294A, 0x294B, 0x294C, 0x294D, 
0x2950, 0x2951, 0x2952, 0x2953, 0x2954, 0x2955, 0x2958, 0x2959, 0x295A, 0x295B, 0x295C, 0x295D, 0x2960, 0x2961, 0x2962, 0x2963, 0x2964, 0x2965, 0x2968, 0x2969, 0x296A, 0x296B, 0x296C, 0x296D, 0x2A00, 0x2A01, 0x2A02, 0x2A03, 0x2A04, 0x2A05, 0x2A08, 0x2A09, 
0x2A0A, 0x2A0B, 0x2A0C, 0x2A0D, 0x2A10, 0x2A11, 0x2A12, 0x2A13, 0x2A14, 0x2A15, 0x2A18, 0x2A19, 0x2A1A, 0x2A1B, 0x2A1C, 0x2A1D, 0x2A20, 0x2A21, 0x2A22, 0x2A23, 0x2A24, 0x2A25, 0x2A28, 0x2A29, 0x2A2A, 0x2A2B, 0x2A2C, 0x2A2D, 0x2A40, 0x2A41, 0x2A42, 0x2A43, 
0x2A44, 0x2A45, 0x2A48, 0x2A49, 0x2A4A, 0x2A4B, 0x2A4C, 0x2A4D, 0x2A50, 0x2A51, 0x2A52, 0x2A53, 0x2A54, 0x2A55, 0x2A58, 0x2A59, 0x2A5A, 0x2A5B, 0x2A5C, 0x2A5D, 0x2A60, 0x2A61, 0x2A62, 0x2A63, 0x2A64, 0x2A65, 0x2A68, 0x2A69, 0x2A6A, 0x2A6B, 0x2A6C, 0x2A6D, 
0x2A80, 0x2A81, 0x2A82, 0x2A83, 0x2A84, 0x2A85, 0x2A88, 0x2A89, 0x2A8A, 0x2A8B, 0x2A8C, 0x2A8D, 0x2A90, 0x2A91, 0x2A92, 0x2A93, 0x2A94, 0x2A95, 0x2A98, 0x2A99, 0x2A9A, 0x2A9B, 0x2A9C, 0x2A9D, 0x2AA0, 0x2AA1, 0x2AA2, 0x2AA3, 0x2AA4, 0x2AA5, 0x2AA8, 0x2AA9, 
0x2AAA, 0x2AAB, 0x2AAC, 0x2AAD, 0x2AC0, 0x2AC1, 0x2AC2, 0x2AC3, 0x2AC4, 0x2AC5, 0x2AC8, 0x2AC9, 0x2ACA, 0x2ACB, 0x2ACC, 0x2ACD, 0x2AD0, 0x2AD1, 0x2AD2, 0x2AD3, 0x2AD4, 0x2AD5, 0x2AD8, 0x2AD9, 0x2ADA, 0x2ADB, 0x2ADC, 0x2ADD, 0x2AE0, 0x2AE1, 0x2AE2, 0x2AE3, 
0x2AE4, 0x2AE5, 0x2AE8, 0x2AE9, 0x2AEA, 0x2AEB, 0x2AEC, 0x2AED, 0x2B00, 0x2B01, 0x2B02, 0x2B03, 0x2B04, 0x2B05, 0x2B08, 0x2B09, 0x2B0A, 0x2B0B, 0x2B0C, 0x2B0D, 0x2B10, 0x2B11, 0x2B12, 0x2B13, 0x2B14, 0x2B15, 0x2B18, 0x2B19, 0x2B1A, 0x2B1B, 0x2B1C, 0x2B1D, 
0x2B20, 0x2B21, 0x2B22, 0x2B23, 0x2B24, 0x2B25, 0x2B28, 0x2B29, 0x2B2A, 0x2B2B, 0x2B2C, 0x2B2D, 0x2B40, 0x2B41, 0x2B42, 0x2B43, 0x2B44, 0x2B45, 0x2B48, 0x2B49, 0x2B4A, 0x2B4B, 0x2B4C, 0x2B4D, 0x2B50, 0x2B51, 0x2B52, 0x2B53, 0x2B54, 0x2B55, 0x2B58, 0x2B59, 
0x2B5A, 0x2B5B, 0x2B5C, 0x2B5D, 0x2B60, 0x2B61, 0x2B62, 0x2B63, 0x2B64, 0x2B65, 0x2B68, 0x2B69, 0x2B6A, 0x2B6B, 0x2B6C, 0x2B6D, 0x3000, 0x3001, 0x3002, 0x3003, 0x3004, 0x3005, 0x3008, 0x3009, 0x300A, 0x300B, 0x300C, 0x300D, 0x3010, 0x3011, 0x3012, 0x3013, 
0x3014, 0x3015, 0x3018, 0x3019, 0x301A, 0x301B, 0x301C, 0x301D, 0x3020, 0x3021, 0x3022, 0x3023, 0x3024, 0x3025, 0x3028, 0x3029, 0x302A, 0x302B, 0x302C, 0x302D, 0x3040, 0x3041, 0x3042, 0x3043, 0x3044, 0x3045, 0x3048, 0x3049, 0x304A, 0x304B, 0x304C, 0x304D, 
0x3050, 0x3051, 0x3052, 0x3053, 0x3054, 0x3055, 0x3058, 0x3059, 0x305A, 0x305B, 0x305C, 0x305D, 0x3060, 0x3061, 0x3062, 0x3063, 0x3064, 0x3065, 0x3068, 0x3069, 0x306A, 0x306B, 0x306C, 0x306D, 0x3080, 0x3081, 0x3082, 0x3083, 0x3084, 0x3085, 0x3088, 0x3089, 
0x308A, 0x308B, 0x308C, 0x308D, 0x3090, 0x3091, 0x3092, 0x3093, 0x3094, 0x3095, 0x3098, 0x3099, 0x309A, 0x309B, 0x309C, 0x309D, 0x30A0, 0x30A1, 0x30A2, 0x30A3, 0x30A4, 0x30A5, 0x30A8, 0x30A9, 0x30AA, 0x30AB, 0x30AC, 0x30AD, 0x30C0, 0x30C1, 0x30C2, 0x30C3, 
0x30C4, 0x30C5, 0x30C8, 0x30C9, 0x30CA, 0x30CB, 0x30CC, 0x30CD, 0x30D0, 0x30D1, 0x30D2, 0x30D3, 0x30D4, 0x30D5, 0x30D8, 0x30D9, 0x30DA, 0x30DB, 0x30DC, 0x30DD, 0x30E0, 0x30E1, 0x30E2, 0x30E3, 0x30E4, 0x30E5, 0x30E8, 0x30E9, 0x30EA, 0x30EB, 0x30EC, 0x30ED, 
0x3100, 0x3101, 0x3102, 0x3103, 0x3104, 0x3105, 0x3108, 0x3109, 0x310A, 0x310B, 0x310C, 0x310D, 0x3110, 0x3111, 0x3112, 0x3113, 0x3114, 0x3115, 0x3118, 0x3119, 0x311A, 0x311B, 0x311C, 0x311D, 0x3120, 0x3121, 0x3122, 0x3123, 0x3124, 0x3125, 0x3128, 0x3129, 
0x312A, 0x312B, 0x312C, 0x312D, 0x3140, 0x3141, 0x3142, 0x3143, 0x3144, 0x3145, 0x3148, 0x3149, 0x314A, 0x314B, 0x314C, 0x314D, 0x3150, 0x3151, 0x3152, 0x3153, 0x3154, 0x3155, 0x3158, 0x3159, 0x315A, 0x315B, 0x315C, 0x315D, 0x3160, 0x3161, 0x3162, 0x3163, 
0x3164, 0x3165, 0x3168, 0x3169, 0x316A, 0x316B, 0x316C, 0x316D, 0x3200, 0x3201, 0x3202, 0x3203, 0x3204, 0x3205, 0x3208, 0x3209, 0x320A, 0x320B, 0x320C, 0x320D, 0x3210, 0x3211, 0x3212, 0x3213, 0x3214, 0x3215, 0x3218, 0x3219, 0x321A, 0x321B, 0x321C, 0x321D, 
0x3220, 0x3221, 0x3222, 0x3223, 0x3224, 0x3225, 0x3228, 0x3229, 0x322A, 0x322B, 0x322C, 0x322D, 0x3240, 0x3241, 0x3242, 0x3243, 0x3244, 0x3245, 0x3248, 0x3249, 0x324A, 0x324B, 0x324C, 0x324D, 0x3250, 0x3251, 0x3252, 0x3253, 0x3254, 0x3255, 0x3258, 0x3259, 
0x325A, 0x325B, 0x325C, 0x325D, 0x3260, 0x3261, 0x3262, 0x3263, 0x3264, 0x3265, 0x3268, 0x3269, 0x326A, 0x326B, 0x326C, 0x326D, 0x3280, 0x3281, 0x3282, 0x3283, 0x3284, 0x3285, 0x3288, 0x3289, 0x328A, 0x328B, 0x328C, 0x328D, 0x3290, 0x3291, 0x3292, 0x3293, 
0x3294, 0x3295, 0x3298, 0x3299, 0x329A, 0x329B, 0x329C, 0x329D, 0x32A0, 0x32A1, 0x32A2, 0x32A3, 0x32A4, 0x32A5, 0x32A8, 0x32A9, 0x32AA, 0x32AB, 0x32AC, 0x32AD, 0x32C0, 0x32C1, 0x32C2, 0x32C3, 0x32C4, 0x32C5, 0x32C8, 0x32C9, 0x32CA, 0x32CB, 0x32CC, 0x32CD, 
0x32D0, 0x32D1, 0x32D2, 0x32D3, 0x32D4, 0x32D5, 0x32D8, 0x32D9, 0x32DA, 0x32DB, 0x32DC, 0x32DD, 0x32E0, 0x32E1, 0x32E2, 0x32E3, 0x32E4, 0x32E5, 0x32E8, 0x32E9, 0x32EA, 0x32EB, 0x32EC, 0x32ED, 0x3300, 0x3301, 0x3302, 0x3303, 0x3304, 0x3305, 0x3308, 0x3309, 
0x330A, 0x330B, 0x330C, 0x330D, 0x3310, 0x3311, 0x3312, 0x3313, 0x3314, 0x3315, 0x3318, 0x3319, 0x331A, 0x331B, 0x331C, 0x331D, 0x3320, 0x3321, 0x3322, 0x3323, 0x3324, 0x3325, 0x3328, 0x3329, 0x332A, 0x332B, 0x332C, 0x332D, 0x3340, 0x3341, 0x3342, 0x3343, 
0x3344, 0x3345, 0x3348, 0x3349, 0x334A, 0x334B, 0x334C, 0x334D, 0x3350, 0x3351, 0x3352, 0x3353, 0x3354, 0x3355, 0x3358, 0x3359, 0x335A, 0x335B, 0x335C, 0x335D, 0x3360, 0x3361, 0x3362, 0x3363, 0x3364, 0x3365, 0x3368, 0x3369, 0x336A, 0x336B, 0x336C, 0x336D, 
0x3400, 0x3401, 0x3402, 0x3403, 0x3404, 0x3405, 0x3408, 0x3409, 0x340A, 0x340B, 0x340C, 0x340D, 0x3410, 0x3411, 0x3412, 0x3413, 0x3414, 0x3415, 0x3418, 0x3419, 0x341A, 0x341B, 0x341C, 0x341D, 0x3420, 0x3421, 0x3422, 0x3423, 0x3424, 0x3425, 0x3428, 0x3429, 
0x342A, 0x342B, 0x342C, 0x342D, 0x3440, 0x3441, 0x3442, 0x3443, 0x3444, 0x3445, 0x3448, 0x3449, 0x344A, 0x344B, 0x344C, 0x344D, 0x3450, 0x3451, 0x3452, 0x3453, 0x3454, 0x3455, 0x3458, 0x3459, 0x345A, 0x345B, 0x345C, 0x345D, 0x3460, 0x3461, 0x3462, 0x3463, 
0x3464, 0x3465, 0x3468, 0x3469, 0x346A, 0x346B, 0x346C, 0x346D, 0x3480, 0x3481, 0x3482, 0x3483, 0x3484, 0x3485, 0x3488, 0x3489, 0x348A, 0x348B, 0x348C, 0x348D, 0x3490, 0x3491, 0x3492, 0x3493, 0x3494, 0x3495, 0x3498, 0x3499, 0x349A, 0x349B, 0x349C, 0x349D, 
0x34A0, 0x34A1, 0x34A2, 0x34A3, 0x34A4, 0x34A5, 0x34A8, 0x34A9, 0x34AA, 0x34AB, 0x34AC, 0x34AD, 0x34C0, 0x34C1, 0x34C2, 0x34C3, 0x34C4, 0x34C5, 0x34C8, 0x34C9, 0x34CA, 0x34CB, 0x34CC, 0x34CD, 0x34D0, 0x34D1, 0x34D2, 0x34D3, 0x34D4, 0x34D5, 0x34D8, 0x34D9, 
0x34DA, 0x34DB, 0x34DC, 0x34DD, 0x34E0, 0x34E1, 0x34E2, 0x34E3, 0x34E4, 0x34E5, 0x34E8, 0x34E9, 0x34EA, 0x34EB, 0x34EC, 0x34ED, 0x3500, 0x3501, 0x3502, 0x3503, 0x3504, 0x3505, 0x3508, 0x3509, 0x350A, 0x350B, 0x350C, 0x350D, 0x3510, 0x3511, 0x3512, 0x3513, 
0x3514, 0x3515, 0x3518, 0x3519, 0x351A, 0x351B, 0x351C, 0x351D, 0x3520, 0x3521, 0x3522, 0x3523, 0x3524, 0x3525, 0x3528, 0x3529, 0x352A, 0x352B, 0x352C, 0x352D, 0x3540, 0x3541, 0x3542, 0x3543, 0x3544, 0x3545, 0x3548, 0x3549, 0x354A, 0x354B, 0x354C, 0x354D, 
0x3550, 0x3551, 0x3552, 0x3553, 0x3554, 0x3555, 0x3558, 0x3559, 0x355A, 0x355B, 0x355C, 0x355D, 0x3560, 0x3561, 0x3562, 0x3563, 0x3564, 0x3565, 0x3568, 0x3569, 0x356A, 0x356B, 0x356C, 0x356D, 0x3600, 0x3601, 0x3602, 0x3603, 0x3604, 0x3605, 0x3608, 0x3609, 
0x360A, 0x360B, 0x360C, 0x360D, 0x3610, 0x3611, 0x3612, 0x3613, 0x3614, 0x3615, 0x3618, 0x3619, 0x361A, 0x361B, 0x361C, 0x361D, 0x3620, 0x3621, 0x3622, 0x3623, 0x3624, 0x3625, 0x3628, 0x3629, 0x362A, 0x362B, 0x362C, 0x362D, 0x3640, 0x3641, 0x3642, 0x3643, 
0x3644, 0x3645, 0x3648, 0x3649, 0x364A, 0x364B, 0x364C, 0x364D, 0x3650, 0x3651, 0x3652, 0x3653, 0x3654, 0x3655, 0x3658, 0x3659, 0x365A, 0x365B, 0x365C, 0x365D, 0x3660, 0x3661, 0x3662, 0x3663, 0x3664, 0x3665, 0x3668, 0x3669, 0x366A, 0x366B, 0x366C, 0x366D, 
0x3680, 0x3681, 0x3682, 0x3683, 0x3684, 0x3685, 0x3688, 0x3689, 0x368A, 0x368B, 0x368C, 0x368D, 0x3690, 0x3691, 0x3692, 0x3693, 0x3694, 0x3695, 0x3698, 0x3699, 0x369A, 0x369B, 0x369C, 0x369D, 0x36A0, 0x36A1, 0x36A2, 0x36A3, 0x36A4, 0x36A5, 0x36A8, 0x36A9, 
0x36AA, 0x36AB, 0x36AC, 0x36AD, 0x36C0, 0x36C1, 0x36C2, 0x36C3, 0x36C4, 0x36C5, 0x36C8, 0x36C9, 0x36CA, 0x36CB, 0x36CC, 0x36CD, 0x36D0, 0x36D1, 0x36D2, 0x36D3, 0x36D4, 0x36D5, 0x36D8, 0x36D9, 0x36DA, 0x36DB, 0x36DC, 0x36DD, 0x36E0, 0x36E1, 0x36E2, 0x36E3, 
0x36E4, 0x36E5, 0x36E8, 0x36E9, 0x36EA, 0x36EB, 0x36EC, 0x36ED, 0x3700, 0x3701, 0x3702, 0x3703, 0x3704, 0x3705, 0x3708, 0x3709, 0x370A, 0x370B, 0x370C, 0x370D, 0x3710, 0x3711, 0x3712, 0x3713, 0x3714, 0x3715, 0x3718, 0x3719, 0x371A, 0x371B, 0x371C, 0x371D, 
0x3720, 0x3721, 0x3722, 0x3723, 0x3724, 0x3725, 0x3728, 0x3729, 0x372A, 0x372B, 0x372C, 0x372D, 0x3740, 0x3741, 0x3742, 0x3743, 0x3744, 0x3745, 0x3748, 0x3749, 0x374A, 0x374B, 0x374C, 0x374D, 0x3750, 0x3751, 0x3752, 0x3753, 0x3754, 0x3755, 0x3758, 0x3759, 
0x375A, 0x375B, 0x375C, 0x375D, 0x3760, 0x3761, 0x3762, 0x3763, 0x3764, 0x3765, 0x3768, 0x3769, 0x376A, 0x376B, 0x376C, 0x376D, 0x3800, 0x3801, 0x3802, 0x3803, 0x3804, 0x3805, 0x3808, 0x3809, 0x380A, 0x380B, 0x380C, 0x380D, 0x3810, 0x3811, 0x3812, 0x3813, 
0x3814, 0x3815, 0x3818, 0x3819, 0x381A, 0x381B, 0x381C, 0x381D, 0x3820, 0x3821, 0x3822, 0x3823, 0x3824, 0x3825, 0x3828, 0x3829, 0x382A, 0x382B, 0x382C, 0x382D, 0x3840, 0x3841, 0x3842, 0x3843, 0x3844, 0x3845, 0x3848, 0x3849, 0x384A, 0x384B, 0x384C, 0x384D, 
0x3850, 0x3851, 0x3852, 0x3853, 0x3854, 0x3855, 0x3858, 0x3859, 0x385A, 0x385B, 0x385C, 0x385D, 0x3860, 0x3861, 0x3862, 0x3863, 0x3864, 0x3865, 0x3868, 0x3869, 0x386A, 0x386B, 0x386C, 0x386D, 0x3880, 0x3881, 0x3882, 0x3883, 0x3884, 0x3885, 0x3888, 0x3889, 
0x388A, 0x388B, 0x388C, 0x388D, 0x3890, 0x3891, 0x3892, 0x3893, 0x3894, 0x3895, 0x3898, 0x3899, 0x389A, 0x389B, 0x389C, 0x389D, 0x38A0, 0x38A1, 0x38A2, 0x38A3, 0x38A4, 0x38A5, 0x38A8, 0x38A9, 0x38AA, 0x38AB, 0x38AC, 0x38AD, 0x38C0, 0x38C1, 0x38C2, 0x38C3, 
0x38C4, 0x38C5, 0x38C8, 0x38C9, 0x38CA, 0x38CB, 0x38CC, 0x38CD, 0x38D0, 0x38D1, 0x38D2, 0x38D3, 0x38D4, 0x38D5, 0x38D8, 0x38D9, 0x38DA, 0x38DB, 0x38DC, 0x38DD, 0x38E0, 0x38E1, 0x38E2, 0x38E3, 0x38E4, 0x38E5, 0x38E8, 0x38E9, 0x38EA, 0x38EB, 0x38EC, 0x38ED, 
0x3900, 0x3901, 0x3902, 0x3903, 0x3904, 0x3905, 0x3908, 0x3909, 0x390A, 0x390B, 0x390C, 0x390D, 0x3910, 0x3911, 0x3912, 0x3913, 0x3914, 0x3915, 0x3918, 0x3919, 0x391A, 0x391B, 0x391C, 0x391D, 0x3920, 0x3921, 0x3922, 0x3923, 0x3924, 0x3925, 0x3928, 0x3929, 
0x392A, 0x392B, 0x392C, 0x392D, 0x3940, 0x3941, 0x3942, 0x3943, 0x3944, 0x3945, 0x3948, 0x3949, 0x394A, 0x394B, 0x394C, 0x394D, 0x3950, 0x3951, 0x3952, 0x3953, 0x3954, 0x3955, 0x3958, 0x3959, 0x395A, 0x395B, 0x395C, 0x395D, 0x3960, 0x3961, 0x3962, 0x3963, 
0x3964, 0x3965, 0x3968, 0x3969, 0x396A, 0x396B, 0x396C, 0x396D, 0x3A00, 0x3A01, 0x3A02, 0x3A03, 0x3A04, 0x3A05, 0x3A08, 0x3A09, 0x3A0A, 0x3A0B, 0x3A0C, 0x3A0D, 0x3A10, 0x3A11, 0x3A12, 0x3A13, 0x3A14, 0x3A15, 0x3A18, 0x3A19, 0x3A1A, 0x3A1B, 0x3A1C, 0x3A1D, 
0x3A20, 0x3A21, 0x3A22, 0x3A23, 0x3A24, 0x3A25, 0x3A28, 0x3A29, 0x3A2A, 0x3A2B, 0x3A2C, 0x3A2D, 0x3A40, 0x3A41, 0x3A42, 0x3A43, 0x3A44, 0x3A45, 0x3A48, 0x3A49, 0x3A4A, 0x3A4B, 0x3A4C, 0x3A4D, 0x3A50, 0x3A51, 0x3A52, 0x3A53, 0x3A54, 0x3A55, 0x3A58, 0x3A59, 
0x3A5A, 0x3A5B, 0x3A5C, 0x3A5D, 0x3A60, 0x3A61, 0x3A62, 0x3A63, 0x3A64, 0x3A65, 0x3A68, 0x3A69, 0x3A6A, 0x3A6B, 0x3A6C, 0x3A6D, 0x3A80, 0x3A81, 0x3A82, 0x3A83, 0x3A84, 0x3A85, 0x3A88, 0x3A89, 0x3A8A, 0x3A8B, 0x3A8C, 0x3A8D, 0x3A90, 0x3A91, 0x3A92, 0x3A93, 
0x3A94, 0x3A95, 0x3A98, 0x3A99, 0x3A9A, 0x3A9B, 0x3A9C, 0x3A9D, 0x3AA0, 0x3AA1, 0x3AA2, 0x3AA3, 0x3AA4, 0x3AA5, 0x3AA8, 0x3AA9, 0x3AAA, 0x3AAB, 0x3AAC, 0x3AAD, 0x3AC0, 0x3AC1, 0x3AC2, 0x3AC3, 0x3AC4, 0x3AC5, 0x3AC8, 0x3AC9, 0x3ACA, 0x3ACB, 0x3ACC, 0x3ACD, 
0x3AD0, 0x3AD1, 0x3AD2, 0x3AD3, 0x3AD4, 0x3AD5, 0x3AD8, 0x3AD9, 0x3ADA, 0x3ADB, 0x3ADC, 0x3ADD, 0x3AE0, 0x3AE1, 0x3AE2, 0x3AE3, 0x3AE4, 0x3AE5, 0x3AE8, 0x3AE9, 0x3AEA, 0x3AEB, 0x3AEC, 0x3AED, 0x3B00, 0x3B01, 0x3B02, 0x3B03, 0x3B04, 0x3B05, 0x3B08, 0x3B09, 
0x3B0A, 0x3B0B, 0x3B0C, 0x3B0D, 0x3B10, 0x3B11, 0x3B12, 0x3B13, 0x3B14, 0x3B15, 0x3B18, 0x3B19, 0x3B1A, 0x3B1B, 0x3B1C, 0x3B1D, 0x3B20, 0x3B21, 0x3B22, 0x3B23, 0x3B24, 0x3B25, 0x3B28, 0x3B29, 0x3B2A, 0x3B2B, 0x3B2C, 0x3B2D, 0x3B40, 0x3B41, 0x3B42, 0x3B43, 
0x3B44, 0x3B45, 0x3B48, 0x3B49, 0x3B4A, 0x3B4B, 0x3B4C, 0x3B4D, 0x3B50, 0x3B51, 0x3B52, 0x3B53, 0x3B54, 0x3B55, 0x3B58, 0x3B59, 0x3B5A, 0x3B5B, 0x3B5C, 0x3B5D, 0x3B60, 0x3B61, 0x3B62, 0x3B63, 0x3B64, 0x3B65, 0x3B68, 0x3B69, 0x3B6A, 0x3B6B, 0x3B6C, 0x3B6D, 
0x4000, 0x4001, 0x4002, 0x4003, 0x4004, 0x4005, 0x4008, 0x4009, 0x400A, 0x400B, 0x400C, 0x400D, 0x4010, 0x4011, 0x4012, 0x4013, 0x4014, 0x4015, 0x4018, 0x4019, 0x401A, 0x401B, 0x401C, 0x401D, 0x4020, 0x4021, 0x4022, 0x4023, 0x4024, 0x4025, 0x4028, 0x4029, 
0x402A, 0x402B, 0x402C, 0x402D, 0x4040, 0x4041, 0x4042, 0x4043, 0x4044, 0x4045, 0x4048, 0x4049, 0x404A, 0x404B, 0x404C, 0x404D, 0x4050, 0x4051, 0x4052, 0x4053, 0x4054, 0x4055, 0x4058, 0x4059, 0x405A, 0x405B, 0x405C, 0x405D, 0x4060, 0x4061, 0x4062, 0x4063, 
0x4064, 0x4065, 0x4068, 0x4069, 0x406A, 0x406B, 0x406C, 0x406D, 0x4080, 0x4081, 0x4082, 0x4083, 0x4084, 0x4085, 0x4088, 0x4089, 0x408A, 0x408B, 0x408C, 0x408D, 0x4090, 0x4091, 0x4092, 0x4093, 0x4094, 0x4095, 0x4098, 0x4099, 0x409A, 0x409B, 0x409C, 0x409D, 
0x40A0, 0x40A1, 0x40A2, 0x40A3, 0x40A4, 0x40A5, 0x40A8, 0x40A9, 0x40AA, 0x40AB, 0x40AC, 0x40AD, 0x40C0, 0x40C1, 0x40C2, 0x40C3, 0x40C4, 0x40C5, 0x40C8, 0x40C9, 0x40CA, 0x40CB, 0x40CC, 0x40CD, 0x40D0, 0x40D1, 0x40D2, 0x40D3, 0x40D4, 0x40D5, 0x40D8, 0x40D9, 
0x40DA, 0x40DB, 0x40DC, 0x40DD, 0x40E0, 0x40E1, 0x40E2, 0x40E3, 0x40E4, 0x40E5, 0x40E8, 0x40E9, 0x40EA, 0x40EB, 0x40EC, 0x40ED, 0x4100, 0x4101, 0x4102, 0x4103, 0x4104, 0x4105, 0x4108, 0x4109, 0x410A, 0x410B, 0x410C, 0x410D, 0x4110, 0x4111, 0x4112, 0x4113, 
0x4114, 0x4115, 0x4118, 0x4119, 0x411A, 0x411B, 0x411C, 0x411D, 0x4120, 0x4121, 0x4122, 0x4123, 0x4124, 0x4125, 0x4128, 0x4129, 0x412A, 0x412B, 0x412C, 0x412D, 0x4140, 0x4141, 0x4142, 0x4143, 0x4144, 0x4145, 0x4148, 0x4149, 0x414A, 0x414B, 0x414C, 0x414D, 
0x4150, 0x4151, 0x4152, 0x4153, 0x4154, 0x4155, 0x4158, 0x4159, 0x415A, 0x415B, 0x415C, 0x415D, 0x4160, 0x4161, 0x4162, 0x4163, 0x4164, 0x4165, 0x4168, 0x4169, 0x416A, 0x416B, 0x416C, 0x416D, 0x4200, 0x4201, 0x4202, 0x4203, 0x4204, 0x4205, 0x4208, 0x4209, 
0x420A, 0x420B, 0x420C, 0x420D, 0x4210, 0x4211, 0x4212, 0x4213, 0x4214, 0x4215, 0x4218, 0x4219, 0x421A, 0x421B, 0x421C, 0x421D, 0x4220, 0x4221, 0x4222, 0x4223, 0x4224, 0x4225, 0x4228, 0x4229, 0x422A, 0x422B, 0x422C, 0x422D, 0x4240, 0x4241, 0x4242, 0x4243, 
0x4244, 0x4245, 0x4248, 0x4249, 0x424A, 0x424B, 0x424C, 0x424D, 0x4250, 0x4251, 0x4252, 0x4253, 0x4254, 0x4255, 0x4258, 0x4259, 0x425A, 0x425B, 0x425C, 0x425D, 0x4260, 0x4261, 0x4262, 0x4263, 0x4264, 0x4265, 0x4268, 0x4269, 0x426A, 0x426B, 0x426C, 0x426D, 
0x4280, 0x4281, 0x4282, 0x4283, 0x4284, 0x4285, 0x4288, 0x4289, 0x428A, 0x428B, 0x428C, 0x428D, 0x4290, 0x4291, 0x4292, 0x4293, 0x4294, 0x4295, 0x4298, 0x4299, 0x429A, 0x429B, 0x429C, 0x429D, 0x42A0, 0x42A1, 0x42A2, 0x42A3, 0x42A4, 0x42A5, 0x42A8, 0x42A9, 
0x42AA, 0x42AB, 0x42AC, 0x42AD, 0x42C0, 0x42C1, 0x42C2, 0x42C3, 0x42C4, 0x42C5, 0x42C8, 0x42C9, 0x42CA, 0x42CB, 0x42CC, 0x42CD, 0x42D0, 0x42D1, 0x42D2, 0x42D3, 0x42D4, 0x42D5, 0x42D8, 0x42D9, 0x42DA, 0x42DB, 0x42DC, 0x42DD, 0x42E0, 0x42E1, 0x42E2, 0x42E3, 
0x42E4, 0x42E5, 0x42E8, 0x42E9, 0x42EA, 0x42EB, 0x42EC, 0x42ED, 0x4300, 0x4301, 0x4302, 0x4303, 0x4304, 0x4305, 0x4308, 0x4309, 0x430A, 0x430B, 0x430C, 0x430D, 0x4310, 0x4311, 0x4312, 0x4313, 0x4314, 0x4315, 0x4318, 0x4319, 0x431A, 0x431B, 0x431C, 0x431D, 
0x4320, 0x4321, 0x4322, 0x4323, 0x4324, 0x4325, 0x4328, 0x4329, 0x432A, 0x432B, 0x432C, 0x432D, 0x4340, 0x4341, 0x4342, 0x4343, 0x4344, 0x4345, 0x4348, 0x4349, 0x434A, 0x434B, 0x434C, 0x434D, 0x4350, 0x4351, 0x4352, 0x4353, 0x4354, 0x4355, 0x4358, 0x4359, 
0x435A, 0x435B, 0x435C, 0x435D, 0x4360, 0x4361, 0x4362, 0x4363, 0x4364, 0x4365, 0x4368, 0x4369, 0x436A, 0x436B, 0x436C, 0x436D, 0x4400, 0x4401, 0x4402, 0x4403, 0x4404, 0x4405, 0x4408, 0x4409, 0x440A, 0x440B, 0x440C, 0x440D, 0x4410, 0x4411, 0x4412, 0x4413, 
0x4414, 0x4415, 0x4418, 0x4419, 0x441A, 0x441B, 0x441C, 0x441D, 0x4420, 0x4421, 0x4422, 0x4423, 0x4424, 0x4425, 0x4428, 0x4429, 0x442A, 0x442B, 0x442C, 0x442D, 0x4440, 0x4441, 0x4442, 0x4443, 0x4444, 0x4445, 0x4448, 0x4449, 0x444A, 0x444B, 0x444C, 0x444D, 
0x4450, 0x4451, 0x4452, 0x4453, 0x4454, 0x4455, 0x4458, 0x4459, 0x445A, 0x445B, 0x445C, 0x445D, 0x4460, 0x4461, 0x4462, 0x4463, 0x4464, 0x4465, 0x4468, 0x4469, 0x446A, 0x446B, 0x446C, 0x446D, 0x4480, 0x4481, 0x4482, 0x4483, 0x4484, 0x4485, 0x4488, 0x4489, 
0x448A, 0x448B, 0x448C, 0x448D, 0x4490, 0x4491, 0x4492, 0x4493, 0x4494, 0x4495, 0x4498, 0x4499, 0x449A, 0x449B, 0x449C, 0x449D, 0x44A0, 0x44A1, 0x44A2, 0x44A3, 0x44A4, 0x44A5, 0x44A8, 0x44A9, 0x44AA, 0x44AB, 0x44AC, 0x44AD, 0x44C0, 0x44C1, 0x44C2, 0x44C3, 
0x44C4, 0x44C5, 0x44C8, 0x44C9, 0x44CA, 0x44CB, 0x44CC, 0x44CD, 0x44D0, 0x44D1, 0x44D2, 0x44D3, 0x44D4, 0x44D5, 0x44D8, 0x44D9, 0x44DA, 0x44DB, 0x44DC, 0x44DD, 0x44E0, 0x44E1, 0x44E2, 0x44E3, 0x44E4, 0x44E5, 0x44E8, 0x44E9, 0x44EA, 0x44EB, 0x44EC, 0x44ED, 
0x4500, 0x4501, 0x4502, 0x4503, 0x4504, 0x4505, 0x4508, 0x4509, 0x450A, 0x450B, 0x450C, 0x450D, 0x4510, 0x4511, 0x4512, 0x4513, 0x4514, 0x4515, 0x4518, 0x4519, 0x451A, 0x451B, 0x451C, 0x451D, 0x4520, 0x4521, 0x4522, 0x4523, 0x4524, 0x4525, 0x4528, 0x4529, 
0x452A, 0x452B, 0x452C, 0x452D, 0x4540, 0x4541, 0x4542, 0x4543, 0x4544, 0x4545, 0x4548, 0x4549, 0x454A, 0x454B, 0x454C, 0x454D, 0x4550, 0x4551, 0x4552, 0x4553, 0x4554, 0x4555, 0x4558, 0x4559, 0x455A, 0x455B, 0x455C, 0x455D, 0x4560, 0x4561, 0x4562, 0x4563, 
0x4564, 0x4565, 0x4568, 0x4569, 0x456A, 0x456B, 0x456C, 0x456D, 0x4600, 0x4601, 0x4602, 0x4603, 0x4604, 0x4605, 0x4608, 0x4609, 0x460A, 0x460B, 0x460C, 0x460D, 0x4610, 0x4611, 0x4612, 0x4613, 0x4614, 0x4615, 0x4618, 0x4619, 0x461A, 0x461B, 0x461C, 0x461D, 
0x4620, 0x4621, 0x4622, 0x4623, 0x4624, 0x4625, 0x4628, 0x4629, 0x462A, 0x462B, 0x462C, 0x462D, 0x4640, 0x4641, 0x4642, 0x4643, 0x4644, 0x4645, 0x4648, 0x4649, 0x464A, 0x464B, 0x464C, 0x464D, 0x4650, 0x4651, 0x4652, 0x4653, 0x4654, 0x4655, 0x4658, 0x4659, 
0x465A, 0x465B, 0x465C, 0x465D, 0x4660, 0x4661, 0x4662, 0x4663, 0x4664, 0x4665, 0x4668, 0x4669, 0x466A, 0x466B, 0x466C, 0x466D, 0x4680, 0x4681, 0x4682, 0x4683, 0x4684, 0x4685, 0x4688, 0x4689, 0x468A, 0x468B, 0x468C, 0x468D, 0x4690, 0x4691, 0x4692, 0x4693, 
0x4694, 0x4695, 0x4698, 0x4699, 0x469A, 0x469B, 0x469C, 0x469D, 0x46A0, 0x46A1, 0x46A2, 0x46A3, 0x46A4, 0x46A5, 0x46A8, 0x46A9, 0x46AA, 0x46AB, 0x46AC, 0x46AD, 0x46C0, 0x46C1, 0x46C2, 0x46C3, 0x46C4, 0x46C5, 0x46C8, 0x46C9, 0x46CA, 0x46CB, 0x46CC, 0x46CD, 
0x46D0, 0x46D1, 0x46D2, 0x46D3, 0x46D4, 0x46D5, 0x46D8, 0x46D9, 0x46DA, 0x46DB, 0x46DC, 0x46DD, 0x46E0, 0x46E1, 0x46E2, 0x46E3, 0x46E4, 0x46E5, 0x46E8, 0x46E9, 0x46EA, 0x46EB, 0x46EC, 0x46ED, 0x4700, 0x4701, 0x4702, 0x4703, 0x4704, 0x4705, 0x4708, 0x4709, 
0x470A, 0x470B, 0x470C, 0x470D, 0x4710, 0x4711, 0x4712, 0x4713, 0x4714, 0x4715, 0x4718, 0x4719, 0x471A, 0x471B, 0x471C, 0x471D, 0x4720, 0x4721, 0x4722, 0x4723, 0x4724, 0x4725, 0x4728, 0x4729, 0x472A, 0x472B, 0x472C, 0x472D, 0x4740, 0x4741, 0x4742, 0x4743, 
0x4744, 0x4745, 0x4748, 0x4749, 0x474A, 0x474B, 0x474C, 0x474D, 0x4750, 0x4751, 0x4752, 0x4753, 0x4754, 0x4755, 0x4758, 0x4759, 0x475A, 0x475B, 0x475C, 0x475D, 0x4760, 0x4761, 0x4762, 0x4763, 0x4764, 0x4765, 0x4768, 0x4769, 0x476A, 0x476B, 0x476C, 0x476D, 
0x4800, 0x4801, 0x4802, 0x4803, 0x4804, 0x4805, 0x4808, 0x4809, 0x480A, 0x480B, 0x480C, 0x480D, 0x4810, 0x4811, 0x4812, 0x4813, 0x4814, 0x4815, 0x4818, 0x4819, 0x481A, 0x481B, 0x481C, 0x481D, 0x4820, 0x4821, 0x4822, 0x4823, 0x4824, 0x4825, 0x4828, 0x4829, 
0x482A, 0x482B, 0x482C, 0x482D, 0x4840, 0x4841, 0x4842, 0x4843, 0x4844, 0x4845, 0x4848, 0x4849, 0x484A, 0x484B, 0x484C, 0x484D, 0x4850, 0x4851, 0x4852, 0x4853, 0x4854, 0x4855, 0x4858, 0x4859, 0x485A, 0x485B, 0x485C, 0x485D, 0x4860, 0x4861, 0x4862, 0x4863, 
0x4864, 0x4865, 0x4868, 0x4869, 0x486A, 0x486B, 0x486C, 0x486D, 0x4880, 0x4881, 0x4882, 0x4883, 0x4884, 0x4885, 0x4888, 0x4889, 0x488A, 0x488B, 0x488C, 0x488D, 0x4890, 0x4891, 0x4892, 0x4893, 0x4894, 0x4895, 0x4898, 0x4899, 0x489A, 0x489B, 0x489C, 0x489D, 
0x48A0, 0x48A1, 0x48A2, 0x48A3, 0x48A4, 0x48A5, 0x48A8, 0x48A9, 0x48AA, 0x48AB, 0x48AC, 0x48AD, 0x48C0, 0x48C1, 0x48C2, 0x48C3, 0x48C4, 0x48C5, 0x48C8, 0x48C9, 0x48CA, 0x48CB, 0x48CC, 0x48CD, 0x48D0, 0x48D1, 0x48D2, 0x48D3, 0x48D4, 0x48D5, 0x48D8, 0x48D9, 
0x48DA, 0x48DB, 0x48DC, 0x48DD, 0x48E0, 0x48E1, 0x48E2, 0x48E3, 0x48E4, 0x48E5, 0x48E8, 0x48E9, 0x48EA, 0x48EB, 0x48EC, 0x48ED, 0x4900, 0x4901, 0x4902, 0x4903, 0x4904, 0x4905, 0x4908, 0x4909, 0x490A, 0x490B, 0x490C, 0x490D, 0x4910, 0x4911, 0x4912, 0x4913, 
0x4914, 0x4915, 0x4918, 0x4919, 0x491A, 0x491B, 0x491C, 0x491D, 0x4920, 0x4921, 0x4922, 0x4923, 0x4924, 0x4925, 0x4928, 0x4929, 0x492A, 0x492B, 0x492C, 0x492D, 0x4940, 0x4941, 0x4942, 0x4943, 0x4944, 0x4945, 0x4948, 0x4949, 0x494A, 0x494B, 0x494C, 0x494D, 
0x4950, 0x4951, 0x4952, 0x4953, 0x4954, 0x4955, 0x4958, 0x4959, 0x495A, 0x495B, 0x495C, 0x495D, 0x4960, 0x4961, 0x4962, 0x4963, 0x4964, 0x4965, 0x4968, 0x4969, 0x496A, 0x496B, 0x496C, 0x496D, 0x4A00, 0x4A01, 0x4A02, 0x4A03, 0x4A04, 0x4A05, 0x4A08, 0x4A09, 
0x4A0A, 0x4A0B, 0x4A0C, 0x4A0D, 0x4A10, 0x4A11, 0x4A12, 0x4A13, 0x4A14, 0x4A15, 0x4A18, 0x4A19, 0x4A1A, 0x4A1B, 0x4A1C, 0x4A1D, 0x4A20, 0x4A21, 0x4A22, 0x4A23, 0x4A24, 0x4A25, 0x4A28, 0x4A29, 0x4A2A, 0x4A2B, 0x4A2C, 0x4A2D, 0x4A40, 0x4A41, 0x4A42, 0x4A43, 
0x4A44, 0x4A45, 0x4A48, 0x4A49, 0x4A4A, 0x4A4B, 0x4A4C, 0x4A4D, 0x4A50, 0x4A51, 0x4A52, 0x4A53, 0x4A54, 0x4A55, 0x4A58, 0x4A59, 0x4A5A, 0x4A5B, 0x4A5C, 0x4A5D, 0x4A60, 0x4A61, 0x4A62, 0x4A63, 0x4A64, 0x4A65, 0x4A68, 0x4A69, 0x4A6A, 0x4A6B, 0x4A6C, 0x4A6D, 
0x4A80, 0x4A81, 0x4A82, 0x4A83, 0x4A84, 0x4A85, 0x4A88, 0x4A89, 0x4A8A, 0x4A8B, 0x4A8C, 0x4A8D, 0x4A90, 0x4A91, 0x4A92, 0x4A93, 0x4A94, 0x4A95, 0x4A98, 0x4A99, 0x4A9A, 0x4A9B, 0x4A9C, 0x4A9D, 0x4AA0, 0x4AA1, 0x4AA2, 0x4AA3, 0x4AA4, 0x4AA5, 0x4AA8, 0x4AA9, 
0x4AAA, 0x4AAB, 0x4AAC, 0x4AAD, 0x4AC0, 0x4AC1, 0x4AC2, 0x4AC3, 0x4AC4, 0x4AC5, 0x4AC8, 0x4AC9, 0x4ACA, 0x4ACB, 0x4ACC, 0x4ACD, 0x4AD0, 0x4AD1, 0x4AD2, 0x4AD3, 0x4AD4, 0x4AD5, 0x4AD8, 0x4AD9, 0x4ADA, 0x4ADB, 0x4ADC, 0x4ADD, 0x4AE0, 0x4AE1, 0x4AE2, 0x4AE3, 
0x4AE4, 0x4AE5, 0x4AE8, 0x4AE9, 0x4AEA, 0x4AEB, 0x4AEC, 0x4AED, 0x4B00, 0x4B01, 0x4B02, 0x4B03, 0x4B04, 0x4B05, 0x4B08, 0x4B09, 0x4B0A, 0x4B0B, 0x4B0C, 0x4B0D, 0x4B10, 0x4B11, 0x4B12, 0x4B13, 0x4B14, 0x4B15, 0x4B18, 0x4B19, 0x4B1A, 0x4B1B, 0x4B1C, 0x4B1D, 
0x4B20, 0x4B21, 0x4B22, 0x4B23, 0x4B24, 0x4B25, 0x4B28, 0x4B29, 0x4B2A, 0x4B2B, 0x4B2C, 0x4B2D, 0x4B40, 0x4B41, 0x4B42, 0x4B43, 0x4B44, 0x4B45, 0x4B48, 0x4B49, 0x4B4A, 0x4B4B, 0x4B4C, 0x4B4D, 0x4B50, 0x4B51, 0x4B52, 0x4B53, 0x4B54, 0x4B55, 0x4B58, 0x4B59, 
0x4B5A, 0x4B5B, 0x4B5C, 0x4B5D, 0x4B60, 0x4B61, 0x4B62, 0x4B63, 0x4B64, 0x4B65, 0x4B68, 0x4B69, 0x4B6A, 0x4B6B, 0x4B6C, 0x4B6D, 0x5000, 0x5001, 0x5002, 0x5003, 0x5004, 0x5005, 0x5008, 0x5009, 0x500A, 0x500B, 0x500C, 0x500D, 0x5010, 0x5011, 0x5012, 0x5013, 
0x5014, 0x5015, 0x5018, 0x5019, 0x501A, 0x501B, 0x501C, 0x501D, 0x5020, 0x5021, 0x5022, 0x5023, 0x5024, 0x5025, 0x5028, 0x5029, 0x502A, 0x502B, 0x502C, 0x502D, 0x5040, 0x5041, 0x5042, 0x5043, 0x5044, 0x5045, 0x5048, 0x5049, 0x504A, 0x504B, 0x504C, 0x504D, 
0x5050, 0x5051, 0x5052, 0x5053, 0x5054, 0x5055, 0x5058, 0x5059, 0x505A, 0x505B, 0x505C, 0x505D, 0x5060, 0x5061, 0x5062, 0x5063, 0x5064, 0x5065, 0x5068, 0x5069, 0x506A, 0x506B, 0x506C, 0x506D, 0x5080, 0x5081, 0x5082, 0x5083, 0x5084, 0x5085, 0x5088, 0x5089, 
0x508A, 0x508B, 0x508C, 0x508D, 0x5090, 0x5091, 0x5092, 0x5093, 0x5094, 0x5095, 0x5098, 0x5099, 0x509A, 0x509B, 0x509C, 0x509D, 0x50A0, 0x50A1, 0x50A2, 0x50A3, 0x50A4, 0x50A5, 0x50A8, 0x50A9, 0x50AA, 0x50AB, 0x50AC, 0x50AD, 0x50C0, 0x50C1, 0x50C2, 0x50C3, 
0x50C4, 0x50C5, 0x50C8, 0x50C9, 0x50CA, 0x50CB, 0x50CC, 0x50CD, 0x50D0, 0x50D1, 0x50D2, 0x50D3, 0x50D4, 0x50D5, 0x50D8, 0x50D9, 0x50DA, 0x50DB, 0x50DC, 0x50DD, 0x50E0, 0x50E1, 0x50E2, 0x50E3, 0x50E4, 0x50E5, 0x50E8, 0x50E9, 0x50EA, 0x50EB, 0x50EC, 0x50ED, 
0x5100, 0x5101, 0x5102, 0x5103, 0x5104, 0x5105, 0x5108, 0x5109, 0x510A, 0x510B, 0x510C, 0x510D, 0x5110, 0x5111, 0x5112, 0x5113, 0x5114, 0x5115, 0x5118, 0x5119, 0x511A, 0x511B, 0x511C, 0x511D, 0x5120, 0x5121, 0x5122, 0x5123, 0x5124, 0x5125, 0x5128, 0x5129, 
0x512A, 0x512B, 0x512C, 0x512D, 0x5140, 0x5141, 0x5142, 0x5143, 0x5144, 0x5145, 0x5148, 0x5149, 0x514A, 0x514B, 0x514C, 0x514D, 0x5150, 0x5151, 0x5152, 0x5153, 0x5154, 0x5155, 0x5158, 0x5159, 0x515A, 0x515B, 0x515C, 0x515D, 0x5160, 0x5161, 0x5162, 0x5163, 
0x5164, 0x5165, 0x5168, 0x5169, 0x516A, 0x516B, 0x516C, 0x516D, 0x5200, 0x5201, 0x5202, 0x5203, 0x5204, 0x5205, 0x5208, 0x5209, 0x520A, 0x520B, 0x520C, 0x520D, 0x5210, 0x5211, 0x5212, 0x5213, 0x5214, 0x5215, 0x5218, 0x5219, 0x521A, 0x521B, 0x521C, 0x521D, 
0x5220, 0x5221, 0x5222, 0x5223, 0x5224, 0x5225, 0x5228, 0x5229, 0x522A, 0x522B, 0x522C, 0x522D, 0x5240, 0x5241, 0x5242, 0x5243, 0x5244, 0x5245, 0x5248, 0x5249, 0x524A, 0x524B, 0x524C, 0x524D, 0x5250, 0x5251, 0x5252, 0x5253, 0x5254, 0x5255, 0x5258, 0x5259, 
0x525A, 0x525B, 0x525C, 0x525D, 0x5260, 0x5261, 0x5262, 0x5263, 0x5264, 0x5265, 0x5268, 0x5269, 0x526A, 0x526B, 0x526C, 0x526D, 0x5280, 0x5281, 0x5282, 0x5283, 0x5284, 0x5285, 0x5288, 0x5289, 0x528A, 0x528B, 0x528C, 0x528D, 0x5290, 0x5291, 0x5292, 0x5293, 
0x5294, 0x5295, 0x5298, 0x5299, 0x529A, 0x529B, 0x529C, 0x529D, 0x52A0, 0x52A1, 0x52A2, 0x52A3, 0x52A4, 0x52A5, 0x52A8, 0x52A9, 0x52AA, 0x52AB, 0x52AC, 0x52AD, 0x52C0, 0x52C1, 0x52C2, 0x52C3, 0x52C4, 0x52C5, 0x52C8, 0x52C9, 0x52CA, 0x52CB, 0x52CC, 0x52CD, 
0x52D0, 0x52D1, 0x52D2, 0x52D3, 0x52D4, 0x52D5, 0x52D8, 0x52D9, 0x52DA, 0x52DB, 0x52DC, 0x52DD, 0x52E0, 0x52E1, 0x52E2, 0x52E3, 0x52E4, 0x52E5, 0x52E8, 0x52E9, 0x52EA, 0x52EB, 0x52EC, 0x52ED, 0x5300, 0x5301, 0x5302, 0x5303, 0x5304, 0x5305, 0x5308, 0x5309, 
0x530A, 0x530B, 0x530C, 0x530D, 0x5310, 0x5311, 0x5312, 0x5313, 0x5314, 0x5315, 0x5318, 0x5319, 0x531A, 0x531B, 0x531C, 0x531D, 0x5320, 0x5321, 0x5322, 0x5323, 0x5324, 0x5325, 0x5328, 0x5329, 0x532A, 0x532B, 0x532C, 0x532D, 0x5340, 0x5341, 0x5342, 0x5343, 
0x5344, 0x5345, 0x5348, 0x5349, 0x534A, 0x534B, 0x534C, 0x534D, 0x5350, 0x5351, 0x5352, 0x5353, 0x5354, 0x5355, 0x5358, 0x5359, 0x535A, 0x535B, 0x535C, 0x535D, 0x5360, 0x5361, 0x5362, 0x5363, 0x5364, 0x5365, 0x5368, 0x5369, 0x536A, 0x536B, 0x536C, 0x536D, 
0x5400, 0x5401, 0x5402, 0x5403, 0x5404, 0x5405, 0x5408, 0x5409, 0x540A, 0x540B, 0x540C, 0x540D, 0x5410, 0x5411, 0x5412, 0x5413, 0x5414, 0x5415, 0x5418, 0x5419, 0x541A, 0x541B, 0x541C, 0x541D, 0x5420, 0x5421, 0x5422, 0x5423, 0x5424, 0x5425, 0x5428, 0x5429, 
0x542A, 0x542B, 0x542C, 0x542D, 0x5440, 0x5441, 0x5442, 0x5443, 0x5444, 0x5445, 0x5448, 0x5449, 0x544A, 0x544B, 0x544C, 0x544D, 0x5450, 0x5451, 0x5452, 0x5453, 0x5454, 0x5455, 0x5458, 0x5459, 0x545A, 0x545B, 0x545C, 0x545D, 0x5460, 0x5461, 0x5462, 0x5463, 
0x5464, 0x5465, 0x5468, 0x5469, 0x546A, 0x546B, 0x546C, 0x546D, 0x5480, 0x5481, 0x5482, 0x5483, 0x5484, 0x5485, 0x5488, 0x5489, 0x548A, 0x548B, 0x548C, 0x548D, 0x5490, 0x5491, 0x5492, 0x5493, 0x5494, 0x5495, 0x5498, 0x5499, 0x549A, 0x549B, 0x549C, 0x549D, 
0x54A0, 0x54A1, 0x54A2, 0x54A3, 0x54A4, 0x54A5, 0x54A8, 0x54A9, 0x54AA, 0x54AB, 0x54AC, 0x54AD, 0x54C0, 0x54C1, 0x54C2, 0x54C3, 0x54C4, 0x54C5, 0x54C8, 0x54C9, 0x54CA, 0x54CB, 0x54CC, 0x54CD, 0x54D0, 0x54D1, 0x54D2, 0x54D3, 0x54D4, 0x54D5, 0x54D8, 0x54D9, 
0x54DA, 0x54DB, 0x54DC, 0x54DD, 0x54E0, 0x54E1, 0x54E2, 0x54E3, 0x54E4, 0x54E5, 0x54E8, 0x54E9, 0x54EA, 0x54EB, 0x54EC, 0x54ED, 0x5500, 0x5501, 0x5502, 0x5503, 0x5504, 0x5505, 0x5508, 0x5509, 0x550A, 0x550B, 0x550C, 0x550D, 0x5510, 0x5511, 0x5512, 0x5513, 
0x5514, 0x5515, 0x5518, 0x5519, 0x551A, 0x551B, 0x551C, 0x551D, 0x5520, 0x5521, 0x5522, 0x5523, 0x5524, 0x5525, 0x5528, 0x5529, 0x552A, 0x552B, 0x552C, 0x552D, 0x5540, 0x5541, 0x5542, 0x5543, 0x5544, 0x5545, 0x5548, 0x5549, 0x554A, 0x554B, 0x554C, 0x554D, 
0x5550, 0x5551, 0x5552, 0x5553, 0x5554, 0x5555, 0x5558, 0x5559, 0x555A, 0x555B, 0x555C, 0x555D, 0x5560, 0x5561, 0x5562, 0x5563, 0x5564, 0x5565, 0x5568, 0x5569, 0x556A, 0x556B, 0x556C, 0x556D, 0x5600, 0x5601, 0x5602, 0x5603, 0x5604, 0x5605, 0x5608, 0x5609, 
0x560A, 0x560B, 0x560C, 0x560D, 0x5610, 0x5611, 0x5612, 0x5613, 0x5614, 0x5615, 0x5618, 0x5619, 0x561A, 0x561B, 0x561C, 0x561D, 0x5620, 0x5621, 0x5622, 0x5623, 0x5624, 0x5625, 0x5628, 0x5629, 0x562A, 0x562B, 0x562C, 0x562D, 0x5640, 0x5641, 0x5642, 0x5643, 
0x5644, 0x5645, 0x5648, 0x5649, 0x564A, 0x564B, 0x564C, 0x564D, 0x5650, 0x5651, 0x5652, 0x5653, 0x5654, 0x5655, 0x5658, 0x5659, 0x565A, 0x565B, 0x565C, 0x565D, 0x5660, 0x5661, 0x5662, 0x5663, 0x5664, 0x5665, 0x5668, 0x5669, 0x566A, 0x566B, 0x566C, 0x566D, 
0x5680, 0x5681, 0x5682, 0x5683, 0x5684, 0x5685, 0x5688, 0x5689, 0x568A, 0x568B, 0x568C, 0x568D, 0x5690, 0x5691, 0x5692, 0x5693, 0x5694, 0x5695, 0x5698, 0x5699, 0x569A, 0x569B, 0x569C, 0x569D, 0x56A0, 0x56A1, 0x56A2, 0x56A3, 0x56A4, 0x56A5, 0x56A8, 0x56A9, 
0x56AA, 0x56AB, 0x56AC, 0x56AD, 0x56C0, 0x56C1, 0x56C2, 0x56C3, 0x56C4, 0x56C5, 0x56C8, 0x56C9, 0x56CA, 0x56CB, 0x56CC, 0x56CD, 0x56D0, 0x56D1, 0x56D2, 0x56D3, 0x56D4, 0x56D5, 0x56D8, 0x56D9, 0x56DA, 0x56DB, 0x56DC, 0x56DD, 0x56E0, 0x56E1, 0x56E2, 0x56E3, 
0x56E4, 0x56E5, 0x56E8, 0x56E9, 0x56EA, 0x56EB, 0x56EC, 0x56ED, 0x5700, 0x5701, 0x5702, 0x5703, 0x5704, 0x5705, 0x5708, 0x5709, 0x570A, 0x570B, 0x570C, 0x570D, 0x5710, 0x5711, 0x5712, 0x5713, 0x5714, 0x5715, 0x5718, 0x5719, 0x571A, 0x571B, 0x571C, 0x571D, 
0x5720, 0x5721, 0x5722, 0x5723, 0x5724, 0x5725, 0x5728, 0x5729, 0x572A, 0x572B, 0x572C, 0x572D, 0x5740, 0x5741, 0x5742, 0x5743, 0x5744, 0x5745, 0x5748, 0x5749, 0x574A, 0x574B, 0x574C, 0x574D, 0x5750, 0x5751, 0x5752, 0x5753, 0x5754, 0x5755, 0x5758, 0x5759, 
0x575A, 0x575B, 0x575C, 0x575D, 0x5760, 0x5761, 0x5762, 0x5763, 0x5764, 0x5765, 0x5768, 0x5769, 0x576A, 0x576B, 0x576C, 0x576D, 0x5800, 0x5801, 0x5802, 0x5803, 0x5804, 0x5805, 0x5808, 0x5809, 0x580A, 0x580B, 0x580C, 0x580D, 0x5810, 0x5811, 0x5812, 0x5813, 
0x5814, 0x5815, 0x5818, 0x5819, 0x581A, 0x581B, 0x581C, 0x581D, 0x5820, 0x5821, 0x5822, 0x5823, 0x5824, 0x5825, 0x5828, 0x5829, 0x582A, 0x582B, 0x582C, 0x582D, 0x5840, 0x5841, 0x5842, 0x5843, 0x5844, 0x5845, 0x5848, 0x5849, 0x584A, 0x584B, 0x584C, 0x584D, 
0x5850, 0x5851, 0x5852, 0x5853, 0x5854, 0x5855, 0x5858, 0x5859, 0x585A, 0x585B, 0x585C, 0x585D, 0x5860, 0x5861, 0x5862, 0x5863, 0x5864, 0x5865, 0x5868, 0x5869, 0x586A, 0x586B, 0x586C, 0x586D, 0x5880, 0x5881, 0x5882, 0x5883, 0x5884, 0x5885, 0x5888, 0x5889, 
0x588A, 0x588B, 0x588C, 0x588D, 0x5890, 0x5891, 0x5892, 0x5893, 0x5894, 0x5895, 0x5898, 0x5899, 0x589A, 0x589B, 0x589C, 0x589D, 0x58A0, 0x58A1, 0x58A2, 0x58A3, 0x58A4, 0x58A5, 0x58A8, 0x58A9, 0x58AA, 0x58AB, 0x58AC, 0x58AD, 0x58C0, 0x58C1, 0x58C2, 0x58C3, 
0x58C4, 0x58C5, 0x58C8, 0x58C9, 0x58CA, 0x58CB, 0x58CC, 0x58CD, 0x58D0, 0x58D1, 0x58D2, 0x58D3, 0x58D4, 0x58D5, 0x58D8, 0x58D9, 0x58DA, 0x58DB, 0x58DC, 0x58DD, 0x58E0, 0x58E1, 0x58E2, 0x58E3, 0x58E4, 0x58E5, 0x58E8, 0x58E9, 0x58EA, 0x58EB, 0x58EC, 0x58ED, 
0x5900, 0x5901, 0x5902, 0x5903, 0x5904, 0x5905, 0x5908, 0x5909, 0x590A, 0x590B, 0x590C, 0x590D, 0x5910, 0x5911, 0x5912, 0x5913, 0x5914, 0x5915, 0x5918, 0x5919, 0x591A, 0x591B, 0x591C, 0x591D, 0x5920, 0x5921, 0x5922, 0x5923, 0x5924, 0x5925, 0x5928, 0x5929, 
0x592A, 0x592B, 0x592C, 0x592D, 0x5940, 0x5941, 0x5942, 0x5943, 0x5944, 0x5945, 0x5948, 0x5949, 0x594A, 0x594B, 0x594C, 0x594D, 0x5950, 0x5951, 0x5952, 0x5953, 0x5954, 0x5955, 0x5958, 0x5959, 0x595A, 0x595B, 0x595C, 0x595D, 0x5960, 0x5961, 0x5962, 0x5963, 
0x5964, 0x5965, 0x5968, 0x5969, 0x596A, 0x596B, 0x596C, 0x596D, 0x5A00, 0x5A01, 0x5A02, 0x5A03, 0x5A04, 0x5A05, 0x5A08, 0x5A09, 0x5A0A, 0x5A0B, 0x5A0C, 0x5A0D, 0x5A10, 0x5A11, 0x5A12, 0x5A13, 0x5A14, 0x5A15, 0x5A18, 0x5A19, 0x5A1A, 0x5A1B, 0x5A1C, 0x5A1D, 
0x5A20, 0x5A21, 0x5A22, 0x5A23, 0x5A24, 0x5A25, 0x5A28, 0x5A29, 0x5A2A, 0x5A2B, 0x5A2C, 0x5A2D, 0x5A40, 0x5A41, 0x5A42, 0x5A43, 0x5A44, 0x5A45, 0x5A48, 0x5A49, 0x5A4A, 0x5A4B, 0x5A4C, 0x5A4D, 0x5A50, 0x5A51, 0x5A52, 0x5A53, 0x5A54, 0x5A55, 0x5A58, 0x5A59, 
0x5A5A, 0x5A5B, 0x5A5C, 0x5A5D, 0x5A60, 0x5A61, 0x5A62, 0x5A63, 0x5A64, 0x5A65, 0x5A68, 0x5A69, 0x5A6A, 0x5A6B, 0x5A6C, 0x5A6D, 0x5A80, 0x5A81, 0x5A82, 0x5A83, 0x5A84, 0x5A85, 0x5A88, 0x5A89, 0x5A8A, 0x5A8B, 0x5A8C, 0x5A8D, 0x5A90, 0x5A91, 0x5A92, 0x5A93, 
0x5A94, 0x5A95, 0x5A98, 0x5A99, 0x5A9A, 0x5A9B, 0x5A9C, 0x5A9D, 0x5AA0, 0x5AA1, 0x5AA2, 0x5AA3, 0x5AA4, 0x5AA5, 0x5AA8, 0x5AA9, 0x5AAA, 0x5AAB, 0x5AAC, 0x5AAD, 0x5AC0, 0x5AC1, 0x5AC2, 0x5AC3, 0x5AC4, 0x5AC5, 0x5AC8, 0x5AC9, 0x5ACA, 0x5ACB, 0x5ACC, 0x5ACD, 
0x5AD0, 0x5AD1, 0x5AD2, 0x5AD3, 0x5AD4, 0x5AD5, 0x5AD8, 0x5AD9, 0x5ADA, 0x5ADB, 0x5ADC, 0x5ADD, 0x5AE0, 0x5AE1, 0x5AE2, 0x5AE3, 0x5AE4, 0x5AE5, 0x5AE8, 0x5AE9, 0x5AEA, 0x5AEB, 0x5AEC, 0x5AED, 0x5B00, 0x5B01, 0x5B02, 0x5B03, 0x5B04, 0x5B05, 0x5B08, 0x5B09, 
0x5B0A, 0x5B0B, 0x5B0C, 0x5B0D, 0x5B10, 0x5B11, 0x5B12, 0x5B13, 0x5B14, 0x5B15, 0x5B18, 0x5B19, 0x5B1A, 0x5B1B, 0x5B1C, 0x5B1D, 0x5B20, 0x5B21, 0x5B22, 0x5B23, 0x5B24, 0x5B25, 0x5B28, 0x5B29, 0x5B2A, 0x5B2B, 0x5B2C, 0x5B2D, 0x5B40, 0x5B41, 0x5B42, 0x5B43, 
0x5B44, 0x5B45, 0x5B48, 0x5B49, 0x5B4A, 0x5B4B, 0x5B4C, 0x5B4D, 0x5B50, 0x5B51, 0x5B52, 0x5B53, 0x5B54, 0x5B55, 0x5B58, 0x5B59, 0x5B5A, 0x5B5B, 0x5B5C, 0x5B5D, 0x5B60, 0x5B61, 0x5B62, 0x5B63, 0x5B64, 0x5B65, 0x5B68, 0x5B69, 0x5B6A, 0x5B6B, 0x5B6C, 0x5B6D
};



void* SLIM_Malloc(uint32_t size) {
	if (size == 0) { return NULL; }
	return SLIM_MALLOC(size);
}

SLIM_ERROR SLIM_Free(void* data) {
	if (data == NULL) { return SLIM_ERROR::ERROR_NONE; }
	SLIM_FREE(data);
	return SLIM_ERROR::ERROR_OK;
}

SLIM_ERROR SLIM_Free_Layer(SLIM_LAYER_DESC* desc) {
	if (desc == NULL) { return SLIM_ERROR::ERROR_NONE; }

	if (desc->img != NULL) { SLIM_FREE(desc->img); }
	if (desc->name != NULL) { SLIM_FREE(desc->name); }
	if (desc->ext != NULL) { SLIM_FREE(desc->ext); }

	return SLIM_ERROR::ERROR_OK;
}

SLIM_ERROR SLIM_Free_Layer_Info(SLIM_LAYER_INFO_DESC* desc) {

	if (desc == NULL) { return SLIM_ERROR::ERROR_NONE; }
	if (desc->name != NULL) { SLIM_FREE(desc->name); }
	if (desc->ext != NULL) { SLIM_FREE(desc->ext); }

	return SLIM_ERROR::ERROR_OK;
}

inline void GEN_CLR_MAP(uint8_t* R, uint8_t* G, uint8_t* B, uint8_t* A, uint32_t* size, uint8_t* idx, uint32_t pidx, uint8_t cR, uint8_t cG, uint8_t cB, uint8_t cA) {

	const uint32_t fnd 	= ((uint32_t)cR << 24u) | ((uint32_t)cG << 16u) | ((uint32_t)cB << 8u) | (uint32_t)cA;

	uint32_t left 	= 0x0u;
    uint32_t right 	= *size;
	uint32_t p 		= 0x0u;
	uint32_t i 		= right;
	uint32_t j 		= i - 1;

	while (left < right) {
        const uint32_t mid = left + ((right - left) >> 1);
        const uint32_t cur = ((uint32_t)R[mid] << 24u) | ((uint32_t)G[mid] << 16u) | ((uint32_t)B[mid] << 8u) | (uint32_t)A[mid];
        
        if (cur == fnd) {
            idx[pidx] = mid;
            return;
        }
        
        if (cur < fnd) {
            left = mid + 1;
        } else {
            right = mid;
        }
    }

	while(p < pidx) {
		if (idx[p] >= left) { ++idx[p]; }
		++p;
	}

	while (i > left) {
		R[i] = R[j];
		G[i] = G[j];
		B[i] = B[j];
		A[i] = A[j];
		--i;
		--j;
	}

	R[left] = cR;
	G[left] = cG;
	B[left] = cB;
	A[left] = cA;
	idx[pidx] = left;
	++*size;
}

inline uint16_t ENCODE_REVOLVER(bool orig, uint8_t* src, uint8_t* dest, uint32_t size, uint32_t* r_size) {

	//--------------------------------------------------------------//
	//Encode by the revolver method
	//--------------------------------------------------------------//

	if (size == 0) { return 0; }
	if (orig == false) { return 0; }

	uint8_t t_rle[1024u]{};
	uint8_t t_rice[1024u]{};
	uint8_t t_sldd[1024u]{};
	uint8_t t_maskared[1024u]{};

	uint32_t r_size_pack[5u]{ size,size,size,size,size };
	uint8_t* pack[5u]{ src, t_rle,t_rice, t_sldd, t_maskared };

	uint16_t pos_mode = 0;

	RLE_ENCODE(src, size, t_rle, &r_size_pack[1u]);
	RICE_ENCODE(src, size, t_rice, &r_size_pack[2u]);
	SLDD_ENCODE(src, size, t_sldd, &r_size_pack[3u]);
	MASKARED_ENCODE(src, size, t_maskared, &r_size_pack[4u]);

	for (uint16_t i = 1; i < 5; ++i) {
		if (r_size_pack[pos_mode] > r_size_pack[i]) {
			pos_mode = i;
		}
	}

	*r_size = r_size_pack[pos_mode];

	uint8_t* d = dest;
	uint8_t* s = pack[pos_mode];
	uint8_t* e = s + *r_size;
	while (s < e) { *d++ = *s++; }

	return pos_mode + 1;
}

inline void  DECODE_REVOLVER(uint16_t mode, uint8_t* src, uint8_t* dest, uint32_t size) {

	//--------------------------------------------------------------//
	//Decode by the revolver method
	//--------------------------------------------------------------//

	if (size == 0) { return; }
	if (mode == 0) { return; }

	switch (mode)
	{
		case 1:
		{
			uint8_t* d = dest;
			uint8_t* s = src;
			uint8_t* e = s + size;
			while (s < e) { *d++ = *s++; }
			return;
		}
		case 2:
		{
			uint32_t r_size;
			RLE_DECODE(src, size, dest, &r_size);
			return;
		}
		case 3:
		{
			RICE_DECODE(src, size, dest, 256);
			return;
		}
		case 4:
		{
			SLDD_DECODE(src, size, dest, 256);
			return;
		}
		case 5:
		{
			MASKARED_DECODE(src, size, dest, 256);
			return;
		}
		default:
		{
			return;
		}
	}
}


inline uint32_t BLOCK_ANALYZER(const uint8_t level, const uint8_t* img, const uint32_t m_WIDTH, const uint32_t m_HEIGHT, const  uint32_t blocksX, const uint32_t blocksY, const uint32_t channels) {

	//--------------------------------------------------------------//
	//Counting unique colors
	//--------------------------------------------------------------//

	uint32_t colors[256u]{};
	uint32_t colorCount = 0;

	for (uint32_t y = 0; y < 16; ++y)
	{
		for (uint32_t x = 0; x < 16; ++x)
		{
			const uint32_t row 		= blocksY + y;
			const uint32_t column 	= blocksX + x;

			if (column >= m_WIDTH || row >= m_HEIGHT) { continue; }

			const uint8_t* pix 		= img + channels * (row * m_WIDTH + column);
			const uint8_t r 		= channels > 0 ? *pix : 0;
			const uint8_t g 		= channels > 1 ? *(pix + 1) : 0;
			const uint8_t b 		= channels > 2 ? *(pix + 2) : 0;
			const uint8_t a 		= channels > 3 ? *(pix + 3) : 0;
			const uint32_t color 	= (r << 24) | (g << 16) | (b << 8) | a;

			bool found = false;

			for (uint32_t i = 0; i < colorCount; ++i)
			{
				if (colors[i] == color) { found = true; break; }
			}

			if (!found) { colors[colorCount++] = color; }
		}
	}

	const uint32_t 	levelq 		= colorCount * 0.0274509803;  // (7 / 255)
	const double 	realLevelq 	= (levelq == 0 ? 1.0 : (1.0 / (((double)levelq) * 2.0)));

	//--------------------------------------------------------------//
	//PSNR Analysis
	//--------------------------------------------------------------//

	uint32_t count = 0;
	double sumDiff = 0;

	for (uint32_t y = 0; y < 16; ++y)
	{
		for (uint32_t x = 0; x < 16; ++x)
		{
			const uint32_t column 	= blocksX + x;
			const uint32_t row 		= blocksY + y;

			if (column >= m_WIDTH || row >= m_HEIGHT) { continue; }

			const uint8_t* pix 		= img + channels * (row * m_WIDTH + column);

			if (channels > 0) {
				const double c = (double)*pix;
				const double d = c - (c * realLevelq);
				sumDiff += d * d;
			}
			if (channels > 1) {
				const double c = (double)*(pix+1);
				const double d = c - (c * realLevelq);
				sumDiff += d * d;
			}
			if (channels > 2) {
				const double c = (double)*(pix+2);
				const double d = c - (c * realLevelq);
				sumDiff += d * d;
			}
			if (channels > 3) {
				const double c = (double)*(pix+3);
				const double d = c - (c * realLevelq);
				sumDiff += d * d;
			}
			count += channels;
		}
	}

	double psnr = 1.0 - (sumDiff / count / 65025.0);

	//--------------------------------------------------------------//
	//Adjusting the evaluation level and quantization
	//--------------------------------------------------------------//

	if (psnr < 0.0) { psnr = 0.0; }
	if (psnr > 1.0) { psnr = 1.0; }

	const double factor = (255.0 - (double)level) * 0.0156862745; //(4.0 / 255.0)

	uint32_t idxt = levelq * psnr * factor;

	if (idxt > 7) { idxt = 7; }

	return idxt;
}





SLIM_ERROR SLIM_Write_Header(SLIM_STREAM* file, const SLIM_HEADER_DESC* desc) {

	if (file == NULL) 				{ return SLIM_ERROR::ERROR_ARG; }
	if (desc == NULL) 				{ return SLIM_ERROR::ERROR_ARG; }

	if (!SLIM_STREAM_ISOPEN(file)) 	{ return SLIM_ERROR::ERROR_FILE; }

	#pragma pack(push, 1)
	struct _SLIM_HEADER
	{
		uint64_t _magic;
		uint32_t _version;
		uint16_t _canvas_width;
		uint16_t _canvas_height;
		uint8_t  _canvas_channel;
		uint16_t _layers;
	};
	#pragma pack(pop)

	_SLIM_HEADER _slim_h{};

	_slim_h._magic 				= SLIM_MAGIC;
	_slim_h._version 			= SLIM_VERSION;
	_slim_h._canvas_width 		= desc->canvas_width;
	_slim_h._canvas_height 		= desc->canvas_height;
	_slim_h._canvas_channel 	= desc->canvas_channel;
	_slim_h._layers 			= desc->layers;

	if (!SLIM_STREAM_WRITE(file, &_slim_h, sizeof(_SLIM_HEADER), 1)) { return SLIM_ERROR::ERROR_BLOCK; }

	return SLIM_ERROR::ERROR_OK;
}


SLIM_ERROR SLIM_Read_Header(SLIM_STREAM* file, SLIM_HEADER_DESC* desc) {

	if (file == NULL) { return SLIM_ERROR::ERROR_ARG; }
	if (desc == NULL) { return SLIM_ERROR::ERROR_ARG; }

	if (!SLIM_STREAM_ISOPEN(file)) { return SLIM_ERROR::ERROR_FILE; }

	#pragma pack(push, 1)
	struct _SLIM_HEADER
	{
		uint64_t _magic;
		uint32_t _version;
		uint16_t _canvas_width;
		uint16_t _canvas_height;
		uint8_t  _canvas_channel;
		uint16_t _layers;
	};
	#pragma pack(pop)

	_SLIM_HEADER _slim_h{};

	if (!SLIM_STREAM_READ(file, &_slim_h, sizeof(_SLIM_HEADER), 1)) { return SLIM_ERROR::ERROR_END; }

	if (_slim_h._magic 	!= SLIM_MAGIC) 								{ return SLIM_ERROR::ERROR_NOTSUP; }
	if (_slim_h._version != SLIM_VERSION) 							{ return SLIM_ERROR::ERROR_NOTSUP; }

	desc->version 				= _slim_h._version;
	desc->canvas_width 			= _slim_h._canvas_width;
	desc->canvas_height 		= _slim_h._canvas_height;
	desc->canvas_channel 		= _slim_h._canvas_channel;
	desc->layers 				= _slim_h._layers;

	return SLIM_ERROR::ERROR_OK;
}


SLIM_ERROR SLIM_Write_Layer(SLIM_STREAM* file, const SLIM_LAYER_DESC* desc) {

	if (file == NULL) 							{ return SLIM_ERROR::ERROR_ARG; }
	if (desc == NULL) 							{ return SLIM_ERROR::ERROR_ARG; }
	if (desc->img == NULL) 						{ return SLIM_ERROR::ERROR_ARG; }
	if (desc->width == 0 || desc->height == 0) 	{ return SLIM_ERROR::ERROR_ARG; }

	if (!SLIM_STREAM_ISOPEN(file)) 				{ return SLIM_ERROR::ERROR_FILE; }

	const uint8_t m_Channels = desc->code & 0x0F;

	if (m_Channels < 1 || m_Channels > 4) 		{ return SLIM_ERROR::ERROR_NOTSUP; }

	#pragma pack(push, 1)
	struct _SLIM_LAYER_HEADER
	{
		uint16_t _id;
		uint16_t _width;
		uint16_t _height;
		uint16_t _x;
		uint16_t _y;
		uint16_t _z;
		uint32_t _flags;
		uint8_t  _channel;
		uint8_t  _name_size;
		uint16_t _ext_size;
	};
	#pragma pack(pop)

	_SLIM_LAYER_HEADER _slim_lh{};

	_slim_lh._id 		= desc->id;
	_slim_lh._width 	= desc->width;
	_slim_lh._height 	= desc->height;
	_slim_lh._x 		= desc->x;
	_slim_lh._y 		= desc->y;
	_slim_lh._z 		= desc->z;
	
	_slim_lh._flags 	= 	(uint32_t(desc->min_filter)        & 0xF)       |
							((uint32_t(desc->mag_filter)       & 0xF) << 4) |
							((uint32_t(desc->wrap_s)           & 0xF) << 8) |
							((uint32_t(desc->wrap_t)           & 0xF) << 12)|
							((uint32_t(desc->compare_func)     & 0xF) << 16)|
							((uint32_t(desc->anisotropy_level) & 0xF) << 20)|
							((uint32_t(desc->gen_mipmap)       & 0x3) << 24);
	
	_slim_lh._channel 	= m_Channels;
	_slim_lh._name_size = (desc->name_size > 0 && desc->name != NULL) ? desc->name_size : 0;
	_slim_lh._ext_size 	= (desc->ext_size > 0 && desc->ext != NULL) ? desc->ext_size : 0;

	if (!SLIM_STREAM_WRITE(file, &_slim_lh, sizeof(_SLIM_LAYER_HEADER), 1)) 			{ return SLIM_ERROR::ERROR_BLOCK; }

	if (_slim_lh._name_size > 0 && desc->name != NULL) {
		if (!SLIM_STREAM_WRITE(file, desc->name, sizeof(char), _slim_lh._name_size)) 	{ return SLIM_ERROR::ERROR_BLOCK; }
	}
	if (_slim_lh._ext_size > 0 && desc->ext != NULL) {
		if (!SLIM_STREAM_WRITE(file, desc->ext, sizeof(char), _slim_lh._ext_size)) 		{ return SLIM_ERROR::ERROR_BLOCK; }
	}

	const uint8_t  m_QUALITY 	= desc->quality;
	const uint8_t* m_IMG 		= (uint8_t*)desc->img;
	const uint32_t HEIGHT		= _slim_lh._height;
	const uint32_t WIDTH		= _slim_lh._width;

	uint8_t m_data	[1280u]{}; 	//Old		block memory
	uint8_t l_data	[1280u]{}; 	//Curret	block memory
	uint8_t m_write	[1280u]{}; 	//Curret	block packed
	uint8_t m_size	[5u]{};		//Size 		blocks packed

	//Pointers old block memory
	uint8_t* m_ch0 = m_data;
	uint8_t* m_ch1 = m_data + 256u;
	uint8_t* m_ch2 = m_data + 512u;
	uint8_t* m_ch3 = m_data + 768u;
	uint8_t* m_idx = m_data + 1024u;

	//Pointers curret block memory
	uint8_t* l_ch0 = l_data;
	uint8_t* l_ch1 = l_data + 256u;
	uint8_t* l_ch2 = l_data + 512u;
	uint8_t* l_ch3 = l_data + 768u;
	uint8_t* l_idx = l_data + 1024u;

	for (uint32_t blcY = 0; blcY < HEIGHT; blcY += 16)
	{
		for (uint32_t blcX = 0; blcX < WIDTH; blcX += 16)
		{
			uint32_t Cout 			= 0x0u;
			uint32_t CColor 		= 0x0u;
			const uint32_t qnt_idx 	= BLOCK_ANALYZER(m_QUALITY, m_IMG, WIDTH, HEIGHT, blcX, blcY, m_Channels);
			const uint8_t  qnt 		= uint8_t(qnt_idx << 1);

			for (uint32_t y = 0; y < 16; ++y)
			{
				for (uint32_t x = 0; x < 16; ++x)
				{
					const uint32_t column 	= blcX + x;
					const uint32_t row 		= blcY + y;

					if (column >= WIDTH || row >= HEIGHT) { continue; }

					const uint32_t index = m_Channels * (row * WIDTH + column);

					uint8_t ch0 = 0;
					uint8_t ch1 = 0;
					uint8_t ch2 = 0;
					uint8_t ch3 = 0;

					switch (desc->code)
					{
					case SLIM_CODE::CODE_GRAY:
					{
						ch0 = m_IMG[index];
						break;
					}
					case SLIM_CODE::CODE_GA:
					{
						ch3 = m_IMG[index + 3];
						if (ch3 > 0) {
							ch0 = m_IMG[index];
						}
						break;
					}
					case SLIM_CODE::CODE_RGB:
					{
						ch0 = m_IMG[index];
						ch1 = m_IMG[index + 1];
						ch2 = m_IMG[index + 2];
						break;
					}
					case SLIM_CODE::CODE_BGR:
					{
						ch2 = m_IMG[index];
						ch1 = m_IMG[index + 1];
						ch0 = m_IMG[index + 2];
						break;
					}
					case SLIM_CODE::CODE_RGBA:
					{
						ch3 = m_IMG[index + 3];
						if (ch3 > 0) {
							ch0 = m_IMG[index];
							ch1 = m_IMG[index + 1];
							ch2 = m_IMG[index + 2];
						}
						break;
					}
					case SLIM_CODE::CODE_BGRA:
					{
						ch3 = m_IMG[index + 3];
						if (ch3 > 0) {
							ch2 = m_IMG[index];
							ch1 = m_IMG[index + 1];
							ch0 = m_IMG[index + 2];
						}
						break;
					}
					case SLIM_CODE::CODE_ARGB:
					{
						ch0 = m_IMG[index];
						if (ch0 > 0) {
							ch1 = m_IMG[index + 1];
							ch2 = m_IMG[index + 2];
							ch3 = m_IMG[index + 3];
						}
						break;
					}
					case SLIM_CODE::CODE_ABGR:
					{
						ch0 = m_IMG[index];
						if (ch0 > 0) {
							ch3 = m_IMG[index + 1];
							ch2 = m_IMG[index + 2];
							ch1 = m_IMG[index + 3];
						}
						break;
					}
					default:
						return SLIM_ERROR::ERROR_NOTSUP;
					}

					if (qnt > 0) {
						ch0 /= qnt;
						ch1 /= qnt;
						ch2 /= qnt;
						ch3 /= qnt;
					}

					GEN_CLR_MAP(l_ch0, l_ch1, l_ch2, l_ch3, &CColor, l_idx, Cout, ch0, ch1, ch2, ch3);
					++Cout;
				}
			}

			bool ch0_org = false;
			bool ch1_org = false;
			bool ch2_org = false;
			bool ch3_org = false;
			bool idx_org = false;

			for (uint32_t i = 0; i < CColor; ++i) {
				if (m_ch0[i] != l_ch0[i]) { m_ch0[i] = l_ch0[i];ch0_org=true; }
				if (m_ch1[i] != l_ch1[i]) { m_ch1[i] = l_ch1[i];ch1_org=true; }
				if (m_ch2[i] != l_ch2[i]) { m_ch2[i] = l_ch2[i];ch2_org=true; }
				if (m_ch3[i] != l_ch3[i]) { m_ch3[i] = l_ch3[i];ch3_org=true; }
			}

			for (uint32_t i = 0; i < Cout; ++i) {
				if (m_idx[i] != l_idx[i]) { m_idx[i] = l_idx[i];idx_org=true; }
			}

			if (ch0_org || ch1_org || ch2_org || ch3_org) {	
				for (uint32_t i = CColor; i < 256; ++i) {
					if (ch0_org) { m_ch0[i] = 0x0u; }
					if (ch1_org) { m_ch1[i] = 0x0u; }
					if (ch2_org) { m_ch2[i] = 0x0u; }
					if (ch3_org) { m_ch3[i] = 0x0u; }
				}
			}

			if (idx_org) {
				for (uint32_t i = Cout; i < 256; ++i) {
					m_idx[i] = 0x0u;
				}
			}

			uint32_t ch0_c = 0x0u;
			uint32_t ch1_c = 0x0u;
			uint32_t ch2_c = 0x0u;
			uint32_t ch3_c = 0x0u;
			uint32_t idx_c = 0x0u;

			const uint16_t v0 = ENCODE_REVOLVER(ch0_org, l_ch0, m_write, CColor, &ch0_c);
			const uint16_t v1 = ENCODE_REVOLVER(ch1_org, l_ch1, m_write + ch0_c, CColor, &ch1_c);
			const uint16_t v2 = ENCODE_REVOLVER(ch2_org, l_ch2, m_write + ch0_c + ch1_c, CColor, &ch2_c);
			const uint16_t v3 = ENCODE_REVOLVER(ch3_org, l_ch3, m_write + ch0_c + ch1_c + ch2_c, CColor, &ch3_c);
			const uint16_t v4 = ENCODE_REVOLVER(idx_org, l_idx, m_write + ch0_c + ch1_c + ch2_c + ch3_c, Cout, &idx_c);
			const uint16_t meta_code = uint16_t(((v0 * 1296u + v1 * 216u + v2 * 36u + v3 * 6u + v4) << 3u) | (qnt_idx & 0x07u));

			uint8_t cm_size = 0x0u;

			if (ch0_org) { m_size[cm_size++] = uint8_t(ch0_c - 0x1u); }
			if (ch1_org) { m_size[cm_size++] = uint8_t(ch1_c - 0x1u); }
			if (ch2_org) { m_size[cm_size++] = uint8_t(ch2_c - 0x1u); }
			if (ch3_org) { m_size[cm_size++] = uint8_t(ch3_c - 0x1u); }
			if (idx_org) { m_size[cm_size++] = uint8_t(idx_c - 0x1u); }

			if (!SLIM_STREAM_WRITE(file, &meta_code, sizeof(uint16_t), 1)) 									{ return SLIM_ERROR::ERROR_BLOCK; }
			if (!SLIM_STREAM_WRITE(file, m_size, sizeof(uint8_t), cm_size)) 								{ return SLIM_ERROR::ERROR_BLOCK; }
			if (!SLIM_STREAM_WRITE(file, m_write, sizeof(uint8_t), ch0_c + ch1_c + ch2_c + ch3_c + idx_c)) 	{ return SLIM_ERROR::ERROR_BLOCK; }
		}
	}


	return SLIM_ERROR::ERROR_OK;
}


SLIM_ERROR SLIM_Read_Layer(SLIM_STREAM* file, SLIM_LAYER_DESC* desc) {

	if (file == NULL) 				{ return SLIM_ERROR::ERROR_ARG; }
	if (desc == NULL) 				{ return SLIM_ERROR::ERROR_ARG; }

	if (!SLIM_STREAM_ISOPEN(file)) 	{ return SLIM_ERROR::ERROR_FILE;}

	#pragma pack(push, 1)
	struct _SLIM_LAYER_HEADER
	{
		uint16_t _id;
		uint16_t _width;
		uint16_t _height;
		uint16_t _x;
		uint16_t _y;
		uint16_t _z;
		uint32_t _flags;
		uint8_t  _channel;
		uint8_t  _name_size;
		uint16_t _ext_size;
	};
	#pragma pack(pop)

	_SLIM_LAYER_HEADER _slim_lh{};

	if (!SLIM_STREAM_READ(file, &_slim_lh, sizeof(_SLIM_LAYER_HEADER), 1)) { return SLIM_ERROR::ERROR_BLOCK; }
	
	if (_slim_lh._width == 0 || _slim_lh._height == 0) 						{return SLIM_ERROR::ERROR_BLOCK;}
	if (_slim_lh._channel == 0 || _slim_lh._channel > 4) 					{return SLIM_ERROR::ERROR_BLOCK;}

	const uint8_t m_CODE_TO = (desc->forced_code == 0 || desc->forced_code == _slim_lh._channel) ? _slim_lh._channel : desc->forced_code;

	const uint8_t  m_CHANNELS 		= _slim_lh._channel & 0x0F;
	const uint8_t  m_CHANNELS_TO 	= m_CODE_TO  & 0x0F;

	if (m_CHANNELS < 1 || m_CHANNELS > 4) 			{ return SLIM_ERROR::ERROR_BLOCK; }
	if (m_CHANNELS_TO < 1 || m_CHANNELS_TO > 4) 	{ return SLIM_ERROR::ERROR_BLOCK; }

	desc->id 				= _slim_lh._id;
	desc->height 			= _slim_lh._height;
	desc->width 			= _slim_lh._width;
	desc->x 				= _slim_lh._x;
	desc->y 				= _slim_lh._y;
	desc->z 				= _slim_lh._z;

    desc->min_filter        = (_slim_lh._flags >> 0)  & 0xF;
    desc->mag_filter        = (_slim_lh._flags >> 4)  & 0xF;
    desc->wrap_s            = (_slim_lh._flags >> 8)  & 0xF;
    desc->wrap_t            = (_slim_lh._flags >> 12) & 0xF;
    desc->compare_func      = (_slim_lh._flags >> 16) & 0xF;
    desc->anisotropy_level  = (_slim_lh._flags >> 20) & 0xF;
    desc->gen_mipmap        = (_slim_lh._flags >> 24) & 0x3;

	desc->code 				= m_CODE_TO;
	desc->name_size 		= _slim_lh._name_size;
	desc->ext_size 			= _slim_lh._ext_size;
	desc->img 				= (uint8_t*)SLIM_MALLOC(_slim_lh._width * _slim_lh._height * m_CHANNELS_TO);

	if (_slim_lh._name_size > 0) {
		desc->name = (char*)SLIM_MALLOC(_slim_lh._name_size * sizeof(char));
		if (!SLIM_STREAM_READ(file, desc->name, sizeof(char), _slim_lh._name_size)) { return SLIM_ERROR::ERROR_BLOCK; }
	}

	if (_slim_lh._ext_size > 0) {
		desc->ext = (char*)SLIM_MALLOC(_slim_lh._ext_size * sizeof(char));
		if (!SLIM_STREAM_READ(file, desc->ext, sizeof(char), _slim_lh._ext_size)) 	{ return SLIM_ERROR::ERROR_BLOCK; }
	}

	uint8_t* m_IMG 			= (uint8_t*)desc->img;
	const uint32_t HEIGHT 	= _slim_lh._height;
	const uint32_t WIDTH 	= _slim_lh._width;

	uint8_t m_data	[1280u]{};	//Curret	block memory
	uint8_t m_read	[1280u]{};	//Read		block memory
	uint8_t m_size	[5u]{};		//Size 		blocks packed

	uint32_t qnt 		= 0;
	uint16_t meta_code 	= 0;
	double   level_qnt 	= 0;

	for (uint32_t blcY = 0; blcY < HEIGHT; blcY += 16)
	{
		for (uint32_t blcX = 0; blcX < WIDTH; blcX += 16)
		{

			if (!SLIM_STREAM_READ(file, &meta_code, sizeof(uint16_t), 1)) { return SLIM_ERROR::ERROR_END; }

			qnt 		= uint32_t((meta_code & 0x07u) << 1);
			level_qnt 	= 0.8673689 + 0.3571519 * ((double)qnt);
			meta_code >>= 0x03u;

			const uint16_t packed 	= SLIM_META_CODE_LUT[meta_code];
    		const uint16_t v0 		= (packed >> 12) & 0x07u;
    		const uint16_t v1 		= (packed >> 9)  & 0x07u;
    		const uint16_t v2 		= (packed >> 6)  & 0x07u;
    		const uint16_t v3 		= (packed >> 3)  & 0x07u;
    		const uint16_t v4 		= packed         & 0x07u;

			const bool ch0_org 	= (v0 > 0);
			const bool ch1_org 	= (v1 > 0);
			const bool ch2_org 	= (v2 > 0);
			const bool ch3_org 	= (v3 > 0);
			const bool idx_org 	= (v4 > 0);

			const uint8_t cm_size = ch0_org + ch1_org + ch2_org + ch3_org + idx_org;

			if (!SLIM_STREAM_READ(file, m_size, sizeof(uint8_t), cm_size)) { return SLIM_ERROR::ERROR_END; }

			uint8_t  cm_pos = 0x0u;
			const uint32_t cmps_ch0 = ch0_org ? 0x1u + ((uint32_t)m_size[cm_pos++]) : 0x0u;
			const uint32_t cmps_ch1 = ch1_org ? 0x1u + ((uint32_t)m_size[cm_pos++]) : 0x0u;
			const uint32_t cmps_ch2 = ch2_org ? 0x1u + ((uint32_t)m_size[cm_pos++]) : 0x0u;
			const uint32_t cmps_ch3 = ch3_org ? 0x1u + ((uint32_t)m_size[cm_pos++]) : 0x0u;
			const uint32_t cmps_idx = idx_org ? 0x1u + ((uint32_t)m_size[cm_pos++]) : 0x0u;

			const uint32_t st_ch1 	= cmps_ch0;
			const uint32_t st_ch2 	= st_ch1 + cmps_ch1;
			const uint32_t st_ch3 	= st_ch2 + cmps_ch2;
			const uint32_t st_idx 	= st_ch3 + cmps_ch3;
			const uint32_t st_size 	= st_idx + cmps_idx;

			if (!SLIM_STREAM_READ(file, m_read, sizeof(uint8_t), st_size)) { return SLIM_ERROR::ERROR_END; }

			DECODE_REVOLVER(v0, m_read, m_data, cmps_ch0);
			DECODE_REVOLVER(v1, m_read + st_ch1, m_data + 256u, cmps_ch1);
			DECODE_REVOLVER(v2, m_read + st_ch2, m_data + 512u, cmps_ch2);
			DECODE_REVOLVER(v3, m_read + st_ch3, m_data + 768u, cmps_ch3);
			DECODE_REVOLVER(v4, m_read + st_idx, m_data + 1024u, cmps_idx);

			uint32_t Cout = 0x0u;

			for (uint32_t y = 0; y < 16; ++y)
			{
				for (uint32_t x = 0; x < 16; ++x)
				{

					const uint32_t column	= blcX + x;
					const uint32_t row		= blcY + y;

					if (column >= WIDTH || row >= HEIGHT) { continue; }

					const uint32_t index 	= m_CHANNELS_TO * (row * WIDTH + column);
					const uint8_t* pix 		= m_data + m_data[1024u + Cout];

					++Cout;

					uint32_t cR = 255;
					uint32_t cG = 255;
					uint32_t cB = 255;
					uint32_t cA = 255;

					switch (m_CHANNELS) {
					case SLIM_CODE::CODE_GRAY:
						cR = cG = cB = (uint32_t)*pix;
						break;
					case SLIM_CODE::CODE_GA:
						cR = cG = cB = (uint32_t)*pix;
						cA = (uint32_t)*(pix+768u);
						break;
					case SLIM_CODE::CODE_RGB:
						cR = (uint32_t)*pix;
						cG = (uint32_t)*(pix+256u);
						cB = (uint32_t)*(pix+512u);
						break;
					case SLIM_CODE::CODE_RGBA:
						cR = (uint32_t)*pix;
						cG = (uint32_t)*(pix+256u);
						cB = (uint32_t)*(pix+512u);
						cA = (uint32_t)*(pix+768u);
						break;
					default:
						return SLIM_ERROR::ERROR_NOTSUP;
					}

					if (qnt > 0) {
						const uint32_t tchn0 	= (uint32_t)(cR * qnt + level_qnt);
						const uint32_t tchn1 	= (uint32_t)(cG * qnt + level_qnt);
						const uint32_t tchn2 	= (uint32_t)(cB * qnt + level_qnt);
						const uint32_t tchn3 	= (uint32_t)(cA * qnt + level_qnt);

						cR = (uint8_t)(tchn0 > 255 ? 255 : tchn0);
						cG = (uint8_t)(tchn1 > 255 ? 255 : tchn1);
						cB = (uint8_t)(tchn2 > 255 ? 255 : tchn2);
						cA = (uint8_t)(tchn3 > 255 ? 255 : tchn3);
					}

					switch (m_CODE_TO)
					{
					case SLIM_CODE::CODE_GRAY:
					{
						m_IMG[index] 		= (uint8_t)cR;
						break;
					}
					case SLIM_CODE::CODE_GA:
					{
						m_IMG[index] 		= (uint8_t)cR;
						m_IMG[index + 1] 	= (uint8_t)cA;
						break;
					}
					case SLIM_CODE::CODE_RGB:
					{
						m_IMG[index] 		= (uint8_t)cR;
						m_IMG[index + 1] 	= (uint8_t)cG;
						m_IMG[index + 2] 	= (uint8_t)cB;
						break;
					}
					case SLIM_CODE::CODE_BGR:
					{
						m_IMG[index] 		= (uint8_t)cB;
						m_IMG[index + 1] 	= (uint8_t)cG;
						m_IMG[index + 2] 	= (uint8_t)cR;
						break;
					}
					case SLIM_CODE::CODE_RGBA:
					{
						m_IMG[index] 		= (uint8_t)cR;
						m_IMG[index + 1] 	= (uint8_t)cG;
						m_IMG[index + 2] 	= (uint8_t)cB;
						m_IMG[index + 3] 	= (uint8_t)cA;
						break;
					}
					case SLIM_CODE::CODE_BGRA:
					{
						m_IMG[index] 		= (uint8_t)cB;
						m_IMG[index + 1] 	= (uint8_t)cG;
						m_IMG[index + 2] 	= (uint8_t)cR;
						m_IMG[index + 3] 	= (uint8_t)cA;
						break;
					}
					case SLIM_CODE::CODE_ARGB:
					{
						m_IMG[index] 		= (uint8_t)cA;
						m_IMG[index + 1] 	= (uint8_t)cR;
						m_IMG[index + 2] 	= (uint8_t)cG;
						m_IMG[index + 3] 	= (uint8_t)cB;

						break;
					}
					case SLIM_CODE::CODE_ABGR:
					{
						m_IMG[index] 		= (uint8_t)cA;
						m_IMG[index + 1] 	= (uint8_t)cB;
						m_IMG[index + 2] 	= (uint8_t)cG;
						m_IMG[index + 3] 	= (uint8_t)cR;

						break;
					}
					default:
						return SLIM_ERROR::ERROR_NOTSUP;
					}
				}
			}
		}
	}
	return SLIM_ERROR::ERROR_OK;
}


SLIM_ERROR SLIM_Read_Layer_MapIDX(SLIM_STREAM* file, SLIM_LAYER_DESC* desc) {

	if (file == NULL) 				{ return SLIM_ERROR::ERROR_ARG; }
	if (desc == NULL) 				{ return SLIM_ERROR::ERROR_ARG; }

	if (!SLIM_STREAM_ISOPEN(file)) 	{ return SLIM_ERROR::ERROR_FILE;}

	#pragma pack(push, 1)
	struct _SLIM_LAYER_HEADER
	{
		uint16_t _id;
		uint16_t _width;
		uint16_t _height;
		uint16_t _x;
		uint16_t _y;
		uint16_t _z;
		uint32_t _flags;
		uint8_t  _channel;
		uint8_t  _name_size;
		uint16_t _ext_size;
	};
	#pragma pack(pop)

	_SLIM_LAYER_HEADER _slim_lh{};

	if (!SLIM_STREAM_READ(file, &_slim_lh, sizeof(_SLIM_LAYER_HEADER), 1)) { return SLIM_ERROR::ERROR_BLOCK; }
	
	if (_slim_lh._width == 0 || _slim_lh._height == 0) 						{return SLIM_ERROR::ERROR_BLOCK;}
	if (_slim_lh._channel == 0 || _slim_lh._channel > 4) 					{return SLIM_ERROR::ERROR_BLOCK;}

	const uint8_t m_CODE_TO = (desc->forced_code == 0 || desc->forced_code == _slim_lh._channel) ? _slim_lh._channel : desc->forced_code;

	const uint8_t  m_CHANNELS 		= _slim_lh._channel & 0x0F;
	const uint8_t  m_CHANNELS_TO 	= m_CODE_TO  & 0x0F;

	if (m_CHANNELS < 1 || m_CHANNELS > 4) 			{ return SLIM_ERROR::ERROR_BLOCK; }
	if (m_CHANNELS_TO < 1 || m_CHANNELS_TO > 4) 	{ return SLIM_ERROR::ERROR_BLOCK; }

	desc->id 				= _slim_lh._id;
	desc->height 			= _slim_lh._height;
	desc->width 			= _slim_lh._width;
	desc->x 				= _slim_lh._x;
	desc->y 				= _slim_lh._y;
	desc->z 				= _slim_lh._z;

    desc->min_filter        = (_slim_lh._flags >> 0)  & 0xF;
    desc->mag_filter        = (_slim_lh._flags >> 4)  & 0xF;
    desc->wrap_s            = (_slim_lh._flags >> 8)  & 0xF;
    desc->wrap_t            = (_slim_lh._flags >> 12) & 0xF;
    desc->compare_func      = (_slim_lh._flags >> 16) & 0xF;
    desc->anisotropy_level  = (_slim_lh._flags >> 20) & 0xF;
    desc->gen_mipmap        = (_slim_lh._flags >> 24) & 0x3;

	desc->code 				= m_CODE_TO;
	desc->name_size 		= _slim_lh._name_size;
	desc->ext_size 			= _slim_lh._ext_size;
	desc->img 				= (uint8_t*)SLIM_MALLOC(_slim_lh._width * _slim_lh._height * m_CHANNELS_TO);

	if (_slim_lh._name_size > 0) {
		desc->name = (char*)SLIM_MALLOC(_slim_lh._name_size * sizeof(char));
		if (!SLIM_STREAM_READ(file, desc->name, sizeof(char), _slim_lh._name_size)) { return SLIM_ERROR::ERROR_BLOCK; }
	}

	if (_slim_lh._ext_size > 0) {
		desc->ext = (char*)SLIM_MALLOC(_slim_lh._ext_size * sizeof(char));
		if (!SLIM_STREAM_READ(file, desc->ext, sizeof(char), _slim_lh._ext_size)) 	{ return SLIM_ERROR::ERROR_BLOCK; }
	}

	uint8_t* m_IMG 			= (uint8_t*)desc->img;
	const uint32_t HEIGHT 	= _slim_lh._height;
	const uint32_t WIDTH 	= _slim_lh._width;

	uint8_t m_data	[1280u]{};	//Curret	block memory
	uint8_t m_read	[1280u]{};	//Read		block memory
	uint8_t m_size	[5u]{};		//Size 		blocks packed

	uint16_t meta_code 	= 0;

	for (uint32_t blcY = 0; blcY < HEIGHT; blcY += 16)
	{
		for (uint32_t blcX = 0; blcX < WIDTH; blcX += 16)
		{

			if (!SLIM_STREAM_READ(file, &meta_code, sizeof(uint16_t), 1)) { return SLIM_ERROR::ERROR_END; }

			meta_code >>= 0x03u;

			const uint16_t packed 	= SLIM_META_CODE_LUT[meta_code];
    		const uint16_t v0 		= (packed >> 12) & 0x07u;
    		const uint16_t v1 		= (packed >> 9)  & 0x07u;
    		const uint16_t v2 		= (packed >> 6)  & 0x07u;
    		const uint16_t v3 		= (packed >> 3)  & 0x07u;
    		const uint16_t v4 		= packed         & 0x07u;

			const bool ch0_org 	= (v0 > 0);
			const bool ch1_org 	= (v1 > 0);
			const bool ch2_org 	= (v2 > 0);
			const bool ch3_org 	= (v3 > 0);
			const bool idx_org 	= (v4 > 0);

			const uint8_t cm_size = ch0_org + ch1_org + ch2_org + ch3_org + idx_org;

			if (!SLIM_STREAM_READ(file, m_size, sizeof(uint8_t), cm_size)) { return SLIM_ERROR::ERROR_END; }

			uint8_t  cm_pos = 0x0u;
			const uint32_t cmps_ch0 = ch0_org ? 0x1u + ((uint32_t)m_size[cm_pos++]) : 0x0u;
			const uint32_t cmps_ch1 = ch1_org ? 0x1u + ((uint32_t)m_size[cm_pos++]) : 0x0u;
			const uint32_t cmps_ch2 = ch2_org ? 0x1u + ((uint32_t)m_size[cm_pos++]) : 0x0u;
			const uint32_t cmps_ch3 = ch3_org ? 0x1u + ((uint32_t)m_size[cm_pos++]) : 0x0u;
			const uint32_t cmps_idx = idx_org ? 0x1u + ((uint32_t)m_size[cm_pos++]) : 0x0u;

			const uint32_t st_ch1 	= cmps_ch0;
			const uint32_t st_ch2 	= st_ch1 + cmps_ch1;
			const uint32_t st_ch3 	= st_ch2 + cmps_ch2;
			const uint32_t st_idx 	= st_ch3 + cmps_ch3;
			const uint32_t st_size 	= st_idx + cmps_idx;

			if (!SLIM_STREAM_READ(file, m_read, sizeof(uint8_t), st_size)) { return SLIM_ERROR::ERROR_END; }

			DECODE_REVOLVER(v0, m_read, m_data, cmps_ch0);
			DECODE_REVOLVER(v1, m_read + st_ch1, m_data + 256u, cmps_ch1);
			DECODE_REVOLVER(v2, m_read + st_ch2, m_data + 512u, cmps_ch2);
			DECODE_REVOLVER(v3, m_read + st_ch3, m_data + 768u, cmps_ch3);
			DECODE_REVOLVER(v4, m_read + st_idx, m_data + 1024u, cmps_idx);

			uint32_t Cout = 0x0u;

			for (uint32_t y = 0; y < 16; ++y)
			{
				for (uint32_t x = 0; x < 16; ++x)
				{

					const uint32_t column	= blcX + x;
					const uint32_t row		= blcY + y;

					if (column >= WIDTH || row >= HEIGHT) { continue; }

					const uint32_t index 	= m_CHANNELS_TO * (row * WIDTH + column);
					const uint8_t idxclr 	= m_data[1024u + Cout];

					++Cout;

					switch (m_CODE_TO)
					{
					case SLIM_CODE::CODE_GRAY:
					{
						m_IMG[index] 		= idxclr;
						break;
					}
					case SLIM_CODE::CODE_GA:
					{
						m_IMG[index] 		= idxclr;
						m_IMG[index + 1] 	= idxclr;
						break;
					}
					case SLIM_CODE::CODE_RGB:
					{
						m_IMG[index] 		= idxclr;
						m_IMG[index + 1] 	= idxclr;
						m_IMG[index + 2] 	= idxclr;
						break;
					}
					case SLIM_CODE::CODE_BGR:
					{
						m_IMG[index] 		= idxclr;
						m_IMG[index + 1] 	= idxclr;
						m_IMG[index + 2] 	= idxclr;
						break;
					}
					case SLIM_CODE::CODE_RGBA:
					{
						m_IMG[index] 		= idxclr;
						m_IMG[index + 1] 	= idxclr;
						m_IMG[index + 2] 	= idxclr;
						m_IMG[index + 3] 	= 255;
						break;
					}
					case SLIM_CODE::CODE_BGRA:
					{
						m_IMG[index] 		= idxclr;
						m_IMG[index + 1] 	= idxclr;
						m_IMG[index + 2] 	= idxclr;
						m_IMG[index + 3] 	= 255;
						break;
					}
					case SLIM_CODE::CODE_ARGB:
					{
						m_IMG[index] 		= 255;
						m_IMG[index + 1] 	= idxclr;
						m_IMG[index + 2] 	= idxclr;
						m_IMG[index + 3] 	= idxclr;

						break;
					}
					case SLIM_CODE::CODE_ABGR:
					{
						m_IMG[index] 		= 255;
						m_IMG[index + 1] 	= idxclr;
						m_IMG[index + 2] 	= idxclr;
						m_IMG[index + 3] 	= idxclr;

						break;
					}
					default:
						return SLIM_ERROR::ERROR_NOTSUP;
					}
				}
			}
		}
	}
	return SLIM_ERROR::ERROR_OK;
}



SLIM_ERROR SLIM_Read_Layer_Map(SLIM_STREAM* file, SLIM_LAYER_DESC* desc) {

	if (file == NULL) 				{ return SLIM_ERROR::ERROR_ARG; }
	if (desc == NULL) 				{ return SLIM_ERROR::ERROR_ARG; }

	if (!SLIM_STREAM_ISOPEN(file)) 	{ return SLIM_ERROR::ERROR_FILE; }

	#pragma pack(push, 1)
	struct _SLIM_LAYER_HEADER
	{
		uint16_t _id;
		uint16_t _width;
		uint16_t _height;
		uint16_t _x;
		uint16_t _y;
		uint16_t _z;
		uint32_t _flags;
		uint8_t  _channel;
		uint8_t  _name_size;
		uint16_t _ext_size;
	};
	#pragma pack(pop)

	_SLIM_LAYER_HEADER _slim_lh{};

	if (!SLIM_STREAM_READ(file, &_slim_lh, sizeof(_SLIM_LAYER_HEADER), 1)) 	{ return SLIM_ERROR::ERROR_BLOCK; }

	if (_slim_lh._width == 0 || _slim_lh._height == 0) 						{ return SLIM_ERROR::ERROR_BLOCK; }
	if (_slim_lh._channel == 0 || _slim_lh._channel > 4) 					{ return SLIM_ERROR::ERROR_BLOCK; }

	const uint8_t m_CODE_TO 	= (desc->forced_code == 0 || desc->forced_code == _slim_lh._channel) ? _slim_lh._channel : desc->forced_code;
	const uint8_t m_CHANNELS_TO = m_CODE_TO & 0x0F;

	if (m_CHANNELS_TO < 1 || m_CHANNELS_TO > 4) { return SLIM_ERROR::ERROR_BLOCK; }

	desc->id 				= _slim_lh._id;
	desc->height 			= _slim_lh._height;
	desc->width 			= _slim_lh._width;
	desc->x 				= _slim_lh._x;
	desc->y 				= _slim_lh._y;
	desc->z 				= _slim_lh._z;
	desc->code 				= m_CODE_TO;
	desc->name_size 		= _slim_lh._name_size;
	desc->ext_size 			= _slim_lh._ext_size;

	desc->min_filter        = (_slim_lh._flags >> 0)  & 0xF;
    desc->mag_filter        = (_slim_lh._flags >> 4)  & 0xF;
    desc->wrap_s            = (_slim_lh._flags >> 8)  & 0xF;
    desc->wrap_t            = (_slim_lh._flags >> 12) & 0xF;
    desc->compare_func      = (_slim_lh._flags >> 16) & 0xF;
    desc->anisotropy_level  = (_slim_lh._flags >> 20) & 0xF;
    desc->gen_mipmap        = (_slim_lh._flags >> 24) & 0x3;

	desc->img 				= (uint8_t*)SLIM_MALLOC(_slim_lh._width* _slim_lh._height * m_CHANNELS_TO);

	if (_slim_lh._name_size > 0) {
		desc->name = (char*)SLIM_MALLOC(_slim_lh._name_size * sizeof(char));
		if (!SLIM_STREAM_READ(file, desc->name, sizeof(char), _slim_lh._name_size)) { return SLIM_ERROR::ERROR_BLOCK; }
	}

	if (_slim_lh._ext_size > 0) {
		desc->ext = (char*)SLIM_MALLOC(_slim_lh._ext_size * sizeof(char));
		if (!SLIM_STREAM_READ(file, desc->ext, sizeof(char), _slim_lh._ext_size)) 	{ return SLIM_ERROR::ERROR_BLOCK; }
	}

	uint8_t* m_IMG 			= (uint8_t*)desc->img;
	const uint32_t HEIGHT 	= _slim_lh._height;
	const uint32_t WIDTH 	= _slim_lh._width;

	uint8_t  m_size	[5u]{};		//Size blocks packed

	uint8_t  qnt_idx 	= 0;
	uint16_t meta_code 	= 0;

	for (uint32_t blcY = 0; blcY < HEIGHT; blcY += 16)
	{
		for (uint32_t blcX = 0; blcX < WIDTH; blcX += 16)
		{

			if (!SLIM_STREAM_READ(file, &meta_code, sizeof(uint16_t), 1)) { return SLIM_ERROR::ERROR_END; }

			qnt_idx 	= uint8_t(meta_code & 0x07u);
			meta_code >>= 0x03u;

			const uint16_t packed 	= SLIM_META_CODE_LUT[meta_code];
    		const uint16_t v0 		= (packed >> 12) & 0x07u;
    		const uint16_t v1 		= (packed >> 9)  & 0x07u;
    		const uint16_t v2 		= (packed >> 6)  & 0x07u;
    		const uint16_t v3 		= (packed >> 3)  & 0x07u;
    		const uint16_t v4 		= packed         & 0x07u;

			const bool ch0_org 	= (v0 > 0);
			const bool ch1_org 	= (v1 > 0);
			const bool ch2_org 	= (v2 > 0);
			const bool ch3_org 	= (v3 > 0);
			const bool idx_org 	= (v4 > 0);

			const uint8_t cm_size = ch0_org + ch1_org + ch2_org + ch3_org + idx_org;

			if (!SLIM_STREAM_READ(file, m_size, sizeof(uint8_t), cm_size)) { return SLIM_ERROR::ERROR_END; }

			uint8_t  cm_pos = 0x0u;
			const uint32_t cmps_ch0 = ch0_org ? 0x1u + ((uint32_t)m_size[cm_pos++]) : 0x0u;
			const uint32_t cmps_ch1 = ch1_org ? 0x1u + ((uint32_t)m_size[cm_pos++]) : 0x0u;
			const uint32_t cmps_ch2 = ch2_org ? 0x1u + ((uint32_t)m_size[cm_pos++]) : 0x0u;
			const uint32_t cmps_ch3 = ch3_org ? 0x1u + ((uint32_t)m_size[cm_pos++]) : 0x0u;
			const uint32_t cmps_idx = idx_org ? 0x1u + ((uint32_t)m_size[cm_pos++]) : 0x0u;

			const uint32_t st_size 	= cmps_ch0 + cmps_ch1 + cmps_ch2 + cmps_ch3 + cmps_idx;

			if (!SLIM_STREAM_SEEK(file, st_size, SLIM_STREAM_SEEK_MODE::SLIM_STREAM_SEEK_CUR)) { return SLIM_ERROR::ERROR_END; }

			for (uint32_t y = 0; y < 16; ++y)
			{
				for (uint32_t x = 0; x < 16; ++x)
				{

					const uint32_t column 	= blcX + x;
					const uint32_t row 		= blcY + y;

					if (column >= WIDTH || row >= HEIGHT) { continue; }

					const uint32_t index = m_CHANNELS_TO * (row * WIDTH + column);

					switch (m_CODE_TO)
					{
					case SLIM_CODE::CODE_GRAY:
					{
						m_IMG[index] 		= qnt_idx;
						break;
					}
					case SLIM_CODE::CODE_RGB:
					{
						m_IMG[index] 		= qnt_idx;
						m_IMG[index + 1] 	= qnt_idx;
						m_IMG[index + 2] 	= qnt_idx;
						break;
					}
					case SLIM_CODE::CODE_BGR:
					{
						m_IMG[index] 		= qnt_idx;
						m_IMG[index + 1] 	= qnt_idx;
						m_IMG[index + 2] 	= qnt_idx;
						break;
					}
					case SLIM_CODE::CODE_RGBA:
					{
						m_IMG[index] 		= qnt_idx;
						m_IMG[index + 1] 	= qnt_idx;
						m_IMG[index + 2] 	= qnt_idx;
						m_IMG[index + 3] 	= 255;
						break;
					}
					case SLIM_CODE::CODE_BGRA:
					{
						m_IMG[index] 		= qnt_idx;
						m_IMG[index + 1] 	= qnt_idx;
						m_IMG[index + 2] 	= qnt_idx;
						m_IMG[index + 3] 	= 255;
						break;
					}
					case SLIM_CODE::CODE_ARGB:
					{
						m_IMG[index] 		= 255;
						m_IMG[index + 1] 	= qnt_idx;
						m_IMG[index + 2] 	= qnt_idx;
						m_IMG[index + 3] 	= qnt_idx;
						break;
					}
					case SLIM_CODE::CODE_ABGR:
					{
						m_IMG[index] 		= 255;
						m_IMG[index + 1] 	= qnt_idx;
						m_IMG[index + 2] 	= qnt_idx;
						m_IMG[index + 3] 	= qnt_idx;
						break;
					}
					default:
						return SLIM_ERROR::ERROR_NOTSUP;
					}
				}
			}
		}
	}
	
	return SLIM_ERROR::ERROR_OK;

}


SLIM_ERROR SLIM_Read_Layer_Info(SLIM_STREAM* file, SLIM_LAYER_INFO_DESC* desc) {

	if (file == NULL) 				{ return SLIM_ERROR::ERROR_ARG; }
	if (desc == NULL) 				{ return SLIM_ERROR::ERROR_ARG; }

	if (!SLIM_STREAM_ISOPEN(file)) 	{ return SLIM_ERROR::ERROR_FILE; }

	#pragma pack(push, 1)
	struct _SLIM_LAYER_HEADER
	{
		uint16_t _id;
		uint16_t _width;
		uint16_t _height;
		uint16_t _x;
		uint16_t _y;
		uint16_t _z;
		uint32_t _flags;
		uint8_t  _channel;
		uint8_t  _name_size;
		uint16_t _ext_size;
	};
	#pragma pack(pop)

	_SLIM_LAYER_HEADER _slim_lh{};

	if (!SLIM_STREAM_READ(file, &_slim_lh, sizeof(_SLIM_LAYER_HEADER), 1)) { return SLIM_ERROR::ERROR_BLOCK; }

	if (_slim_lh._width == 0 || _slim_lh._height == 0) 		{ return SLIM_ERROR::ERROR_BLOCK; }
	if (_slim_lh._channel == 0 || _slim_lh._channel > 4) 	{ return SLIM_ERROR::ERROR_BLOCK; }


	desc->id 					= _slim_lh._id;
	desc->height 				= _slim_lh._height;
	desc->width 				= _slim_lh._width;
	desc->x 					= _slim_lh._x;
	desc->y 					= _slim_lh._y;
	desc->z 					= _slim_lh._z;
	desc->code 					= _slim_lh._channel;
	desc->name_size 			= _slim_lh._name_size;
	desc->ext_size 				= _slim_lh._ext_size;
	desc->block_256_all 		= 0;
	desc->block_256_exist 		= 0;
	desc->block_256_empty 		= 0;
	desc->block_color_table_max = 0;
	desc->block_color_table_min = 0;
	desc->block_color_table_avg = 0;
	desc->block_q_max 			= 0;
	desc->block_q_min 			= 0;
	desc->block_q_avg 			= 0;
	desc->all_c 				= 0;
	desc->reuse_c 				= 0;
	desc->origin_c 				= 0;
	desc->rle_c 				= 0;
	desc->rice_c 				= 0;
	desc->sldd_c 				= 0;
	desc->maskared_c 			= 0;

	if (_slim_lh._name_size > 0) {
		desc->name = (char*)SLIM_MALLOC(_slim_lh._name_size * sizeof(char));
		if (!SLIM_STREAM_READ(file, desc->name, sizeof(char), _slim_lh._name_size)) { return SLIM_ERROR::ERROR_BLOCK; }
	}

	if (_slim_lh._ext_size > 0) {
		desc->ext = (char*)SLIM_MALLOC(_slim_lh._ext_size * sizeof(char));
		if (!SLIM_STREAM_READ(file, desc->ext, sizeof(char), _slim_lh._ext_size)) 	{ return SLIM_ERROR::ERROR_BLOCK; }
	}

	const uint32_t HEIGHT 	= _slim_lh._height;
	const uint32_t WIDTH 	= _slim_lh._width;

	uint8_t m_data	[1280u]{};	//Curret	block memory
	uint8_t m_read	[1280u]{};	//Read		block memory
	uint8_t m_size	[5u]{};		//Size 		blocks packed

	uint32_t qnt 		= 0;
	uint16_t meta_code 	= 0;

	for (uint32_t blcY = 0; blcY < HEIGHT; blcY += 16)
	{
		for (uint32_t blcX = 0; blcX < WIDTH; blcX += 16)
		{

			if (!SLIM_STREAM_READ(file, &meta_code, sizeof(uint16_t), 1)) { return SLIM_ERROR::ERROR_END; }

			qnt 		= uint32_t((meta_code & 0x07u) << 1);
			meta_code >>= 0x03u;

			const uint16_t packed 	= SLIM_META_CODE_LUT[meta_code];
    		const uint16_t v0 		= (packed >> 12) & 0x07u;
    		const uint16_t v1 		= (packed >> 9)  & 0x07u;
    		const uint16_t v2 		= (packed >> 6)  & 0x07u;
    		const uint16_t v3 		= (packed >> 3)  & 0x07u;
    		const uint16_t v4 		= packed         & 0x07u;

			bool ch0_org = (v0 > 0);
			bool ch1_org = (v1 > 0);
			bool ch2_org = (v2 > 0);
			bool ch3_org = (v3 > 0);
			bool idx_org = (v4 > 0);

			const uint8_t cm_size = ch0_org + ch1_org + ch2_org + ch3_org + idx_org;

			desc->reuse_c 		+= (v0 == 0) + (v1 == 0) + (v2 == 0) + (v3 == 0) + (v4 == 0);
			desc->origin_c 		+= (v0 == 1) + (v1 == 1) + (v2 == 1) + (v3 == 1) + (v4 == 1);
			desc->rle_c 		+= (v0 == 2) + (v1 == 2) + (v2 == 2) + (v3 == 2) + (v4 == 2);
			desc->rice_c 		+= (v0 == 3) + (v1 == 3) + (v2 == 3) + (v3 == 3) + (v4 == 3);
			desc->sldd_c 		+= (v0 == 4) + (v1 == 4) + (v2 == 4) + (v3 == 4) + (v4 == 4);
			desc->maskared_c 	+= (v0 == 5) + (v1 == 5) + (v2 == 5) + (v3 == 5) + (v4 == 5);

			if (ch0_org || ch1_org || ch2_org || ch3_org) {
				if (desc->block_q_max < qnt) { desc->block_q_max = qnt; }
				if (desc->block_q_min > qnt) { desc->block_q_min = qnt; }
			}

			desc->block_256_all++;
			desc->block_256_exist 	+= (cm_size > 0);
			desc->block_256_empty 	+= (cm_size == 0);
			desc->block_q_avg 		+= qnt;

			if (!SLIM_STREAM_READ(file, m_size, sizeof(uint8_t), cm_size)) { return SLIM_ERROR::ERROR_END; }

			uint8_t cm_pos = 0x0u;
			const uint32_t cmps_ch0 = ch0_org ? 0x1u + ((uint32_t)m_size[cm_pos++]) : 0x0u;
			const uint32_t cmps_ch1 = ch1_org ? 0x1u + ((uint32_t)m_size[cm_pos++]) : 0x0u;
			const uint32_t cmps_ch2 = ch2_org ? 0x1u + ((uint32_t)m_size[cm_pos++]) : 0x0u;
			const uint32_t cmps_ch3 = ch3_org ? 0x1u + ((uint32_t)m_size[cm_pos++]) : 0x0u;
			const uint32_t cmps_idx = idx_org ? 0x1u + ((uint32_t)m_size[cm_pos++]) : 0x0u;

			const uint32_t st_ch1 	= cmps_ch0;
			const uint32_t st_ch2 	= st_ch1 + cmps_ch1;
			const uint32_t st_ch3 	= st_ch2 + cmps_ch2;
			const uint32_t st_idx 	= st_ch3 + cmps_ch3;
			const uint32_t st_size 	= st_idx + cmps_idx;

			if (!SLIM_STREAM_READ(file, m_read, sizeof(uint8_t), st_size)) { return SLIM_ERROR::ERROR_END; }

			DECODE_REVOLVER(v0, m_read, m_data, cmps_ch0);
			DECODE_REVOLVER(v1, m_read + st_ch1, m_data + 256, cmps_ch1);
			DECODE_REVOLVER(v2, m_read + st_ch2, m_data + 512, cmps_ch2);
			DECODE_REVOLVER(v3, m_read + st_ch3, m_data + 768, cmps_ch3);
			DECODE_REVOLVER(v4, m_read + st_idx, m_data + 1024, cmps_idx);

			uint32_t lc_blk_max = 0;
			uint32_t lc_blk_min = 0xFFFFFFFFu;
			if (idx_org) {
				for (uint32_t idx = 0; idx < 256; ++idx) {
					uint32_t idxclr = m_data[1024 + idx] + 1;
					if (desc->block_color_table_min > idxclr) { desc->block_color_table_min = idxclr; }
					if (desc->block_color_table_max < idxclr) { desc->block_color_table_max = idxclr; }
					if (lc_blk_min > idxclr) { lc_blk_min = idxclr; }
					if (lc_blk_max < idxclr) { lc_blk_max = idxclr; }
				}
				desc->block_color_table_avg += lc_blk_max;
			}

		}
	}
	
	desc->all_c += desc->reuse_c;
	desc->all_c += desc->origin_c;
	desc->all_c += desc->rle_c;
	desc->all_c += desc->rice_c;
	desc->all_c += desc->sldd_c;
	desc->all_c += desc->maskared_c;
	desc->block_q_avg /= desc->block_256_all;
	desc->block_color_table_avg /= desc->block_256_exist;


	return SLIM_ERROR::ERROR_OK;
}

#endif // SLEP_SLIM_IMP
#endif // SLIM_H